Id,Category,Confidence
25000,1,1.0
25001,0,1.0
25002,0,0.9999241828918457
25003,1,1.0
25004,1,1.0
25005,0,1.0
25006,1,1.0
25007,1,1.0
25008,1,1.0
25009,0,1.0
25010,0,1.0
25011,0,1.0
25012,0,1.0
25013,1,1.0
25014,0,1.0
25015,0,1.0
25016,1,1.0
25017,1,1.0
25018,1,1.0
25019,0,1.0
25020,1,1.0
25021,0,1.0
25022,0,1.0
25023,0,0.9999984502792358
25024,1,0.9999974966049194
25025,1,1.0
25026,0,0.9999935626983643
25027,0,1.0
25028,0,1.0
25029,0,0.9999997615814209
25030,1,1.0
25031,1,0.9999991655349731
25032,0,0.9999984502792358
25033,0,0.9999997615814209
25034,1,1.0
25035,1,1.0
25036,0,1.0
25037,0,0.9999967813491821
25038,1,1.0
25039,1,1.0
25040,0,1.0
25041,0,1.0
25042,1,1.0
25043,1,1.0
25044,1,1.0
25045,1,1.0
25046,1,0.9996998310089111
25047,1,1.0
25048,1,1.0
25049,0,1.0
25050,1,1.0
25051,0,1.0
25052,1,0.9999637603759766
25053,0,1.0
25054,0,1.0
25055,1,1.0
25056,1,1.0
25057,0,1.0
25058,0,1.0
25059,1,1.0
25060,1,1.0
25061,1,1.0
25062,0,0.9999953508377075
25063,0,1.0
25064,0,0.999794065952301
25065,0,1.0
25066,0,1.0
25067,0,0.9999926090240479
25068,0,0.9999997615814209
25069,0,1.0
25070,0,0.9996015429496765
25071,1,0.9999998807907104
25072,1,1.0
25073,1,1.0
25074,0,1.0
25075,1,1.0
25076,1,1.0
25077,0,1.0
25078,0,1.0
25079,1,1.0
25080,1,1.0
25081,0,1.0
25082,0,1.0
25083,1,1.0
25084,0,0.9999991655349731
25085,1,1.0
25086,1,1.0
25087,1,1.0
25088,1,1.0
25089,1,1.0
25090,0,1.0
25091,0,1.0
25092,0,0.9999996423721313
25093,0,0.9999910593032837
25094,0,1.0
25095,0,1.0
25096,1,1.0
25097,1,1.0
25098,0,1.0
25099,0,0.9999992847442627
25100,1,1.0
25101,0,0.9999977350234985
25102,1,1.0
25103,1,1.0
25104,0,0.9999957084655762
25105,0,0.9999814033508301
25106,0,1.0
25107,0,1.0
25108,1,1.0
25109,0,1.0
25110,0,1.0
25111,1,1.0
25112,1,1.0
25113,1,1.0
25114,1,1.0
25115,0,1.0
25116,1,0.9999998807907104
25117,1,1.0
25118,0,1.0
25119,1,1.0
25120,0,1.0
25121,1,1.0
25122,0,1.0
25123,0,1.0
25124,1,0.7303785681724548
25125,1,1.0
25126,0,1.0
25127,0,1.0
25128,0,1.0
25129,1,1.0
25130,1,1.0
25131,0,1.0
25132,0,0.9999946355819702
25133,0,0.9999881982803345
25134,0,1.0
25135,1,1.0
25136,1,1.0
25137,1,1.0
25138,1,1.0
25139,1,1.0
25140,1,1.0
25141,1,1.0
25142,1,1.0
25143,1,1.0
25144,1,1.0
25145,0,1.0
25146,0,1.0
25147,0,1.0
25148,0,1.0
25149,0,1.0
25150,1,1.0
25151,1,0.9999996423721313
25152,1,1.0
25153,0,1.0
25154,1,1.0
25155,1,1.0
25156,0,1.0
25157,0,1.0
25158,0,1.0
25159,1,1.0
25160,0,1.0
25161,1,1.0
25162,1,1.0
25163,1,0.999994158744812
25164,0,1.0
25165,1,1.0
25166,0,0.9999977350234985
25167,1,1.0
25168,0,0.9999998807907104
25169,1,1.0
25170,1,1.0
25171,0,1.0
25172,1,1.0
25173,0,1.0
25174,0,1.0
25175,1,1.0
25176,1,1.0
25177,0,1.0
25178,0,1.0
25179,1,1.0
25180,0,1.0
25181,0,1.0
25182,0,1.0
25183,0,1.0
25184,1,1.0
25185,1,1.0
25186,1,1.0
25187,1,1.0
25188,0,0.9995230436325073
25189,0,1.0
25190,0,0.9999639987945557
25191,0,1.0
25192,0,1.0
25193,1,1.0
25194,0,1.0
25195,0,1.0
25196,1,0.9999845027923584
25197,1,1.0
25198,1,1.0
25199,0,1.0
25200,1,0.9917792677879333
25201,0,0.9999665021896362
25202,1,1.0
25203,1,1.0
25204,1,1.0
25205,0,1.0
25206,0,1.0
25207,1,1.0
25208,1,1.0
25209,1,1.0
25210,1,1.0
25211,1,1.0
25212,1,1.0
25213,0,0.9999294281005859
25214,0,1.0
25215,0,1.0
25216,1,1.0
25217,1,1.0
25218,1,1.0
25219,0,1.0
25220,1,1.0
25221,0,1.0
25222,0,1.0
25223,1,1.0
25224,1,0.9999994039535522
25225,0,0.9999843835830688
25226,0,1.0
25227,0,1.0
25228,1,1.0
25229,1,1.0
25230,0,1.0
25231,1,1.0
25232,0,1.0
25233,1,1.0
25234,1,1.0
25235,1,0.9999973773956299
25236,0,0.950334906578064
25237,0,1.0
25238,0,1.0
25239,1,1.0
25240,0,1.0
25241,1,0.9999899864196777
25242,0,1.0
25243,1,1.0
25244,0,1.0
25245,1,1.0
25246,0,1.0
25247,1,1.0
25248,1,1.0
25249,1,1.0
25250,1,1.0
25251,0,0.9999947547912598
25252,0,0.9999996423721313
25253,1,1.0
25254,0,0.9999998807907104
25255,1,0.9166244864463806
25256,1,1.0
25257,1,1.0
25258,1,1.0
25259,0,1.0
25260,1,1.0
25261,1,1.0
25262,0,0.9999828338623047
25263,0,1.0
25264,1,1.0
25265,1,1.0
25266,1,1.0
25267,0,1.0
25268,0,0.9999878406524658
25269,0,1.0
25270,0,1.0
25271,0,1.0
25272,0,1.0
25273,0,1.0
25274,0,1.0
25275,0,1.0
25276,1,1.0
25277,1,1.0
25278,1,0.9999997615814209
25279,1,1.0
25280,1,1.0
25281,1,1.0
25282,0,0.999990701675415
25283,1,1.0
25284,1,1.0
25285,1,1.0
25286,0,0.9999998807907104
25287,0,1.0
25288,1,1.0
25289,1,1.0
25290,0,1.0
25291,0,1.0
25292,1,1.0
25293,0,1.0
25294,1,1.0
25295,1,1.0
25296,1,1.0
25297,0,0.9999988079071045
25298,0,1.0
25299,0,1.0
25300,0,1.0
25301,1,1.0
25302,1,1.0
25303,1,1.0
25304,0,1.0
25305,0,1.0
25306,0,1.0
25307,0,0.9999992847442627
25308,1,1.0
25309,1,1.0
25310,0,1.0
25311,1,1.0
25312,0,0.9999998807907104
25313,0,1.0
25314,0,1.0
25315,1,1.0
25316,0,0.9999990463256836
25317,1,0.5398558378219604
25318,0,0.9991282820701599
25319,0,1.0
25320,1,1.0
25321,1,1.0
25322,0,1.0
25323,0,1.0
25324,0,1.0
25325,1,1.0
25326,1,1.0
25327,0,1.0
25328,0,1.0
25329,1,1.0
25330,0,1.0
25331,1,1.0
25332,0,1.0
25333,0,1.0
25334,1,1.0
25335,0,1.0
25336,0,1.0
25337,1,1.0
25338,1,0.9999998807907104
25339,0,1.0
25340,0,1.0
25341,1,1.0
25342,1,1.0
25343,1,1.0
25344,1,1.0
25345,1,1.0
25346,0,1.0
25347,0,1.0
25348,0,0.9999994039535522
25349,1,1.0
25350,1,1.0
25351,0,1.0
25352,0,1.0
25353,1,1.0
25354,0,1.0
25355,0,1.0
25356,1,1.0
25357,1,1.0
25358,1,1.0
25359,0,1.0
25360,1,1.0
25361,1,1.0
25362,1,1.0
25363,1,1.0
25364,1,1.0
25365,1,1.0
25366,1,1.0
25367,0,1.0
25368,0,1.0
25369,1,1.0
25370,0,1.0
25371,0,1.0
25372,0,0.9999998807907104
25373,1,1.0
25374,0,1.0
25375,1,1.0
25376,1,1.0
25377,1,1.0
25378,0,1.0
25379,1,1.0
25380,0,1.0
25381,1,1.0
25382,0,1.0
25383,0,1.0
25384,1,1.0
25385,0,0.9994363188743591
25386,0,1.0
25387,1,1.0
25388,1,1.0
25389,1,1.0
25390,1,1.0
25391,0,1.0
25392,0,1.0
25393,1,1.0
25394,0,1.0
25395,1,1.0
25396,0,1.0
25397,1,1.0
25398,1,1.0
25399,1,1.0
25400,0,1.0
25401,0,1.0
25402,1,1.0
25403,1,1.0
25404,1,1.0
25405,0,1.0
25406,1,1.0
25407,1,1.0
25408,0,0.9999995231628418
25409,0,0.999996542930603
25410,1,0.9999996423721313
25411,1,1.0
25412,1,1.0
25413,1,1.0
25414,1,0.9990474581718445
25415,1,1.0
25416,0,1.0
25417,1,0.9999998807907104
25418,0,1.0
25419,0,1.0
25420,1,1.0
25421,1,1.0
25422,1,1.0
25423,1,1.0
25424,0,1.0
25425,1,1.0
25426,0,0.9999995231628418
25427,0,1.0
25428,1,1.0
25429,1,1.0
25430,1,1.0
25431,1,1.0
25432,0,1.0
25433,1,1.0
25434,0,1.0
25435,1,1.0
25436,0,1.0
25437,0,1.0
25438,0,1.0
25439,0,1.0
25440,1,1.0
25441,0,1.0
25442,1,1.0
25443,0,1.0
25444,1,1.0
25445,0,1.0
25446,0,0.9999995231628418
25447,0,0.999970555305481
25448,1,1.0
25449,1,0.9999996423721313
25450,0,0.9986153841018677
25451,1,1.0
25452,0,1.0
25453,1,1.0
25454,1,1.0
25455,1,1.0
25456,0,1.0
25457,0,1.0
25458,1,1.0
25459,0,0.9999963045120239
25460,0,1.0
25461,0,1.0
25462,0,1.0
25463,1,1.0
25464,0,1.0
25465,1,1.0
25466,1,1.0
25467,0,1.0
25468,1,1.0
25469,0,0.9992904663085938
25470,1,1.0
25471,0,1.0
25472,0,1.0
25473,0,1.0
25474,0,1.0
25475,1,1.0
25476,0,1.0
25477,0,1.0
25478,0,0.9999895095825195
25479,1,1.0
25480,1,1.0
25481,1,1.0
25482,0,0.9999998807907104
25483,1,0.9957038760185242
25484,0,1.0
25485,0,0.9974053502082825
25486,0,0.9999998807907104
25487,0,1.0
25488,1,1.0
25489,1,1.0
25490,1,1.0
25491,0,0.9991886019706726
25492,1,1.0
25493,0,1.0
25494,1,1.0
25495,0,1.0
25496,0,0.999996542930603
25497,1,1.0
25498,0,1.0
25499,0,1.0
25500,0,1.0
25501,1,0.9999998807907104
25502,0,1.0
25503,0,1.0
25504,1,1.0
25505,0,0.9999998807907104
25506,0,1.0
25507,1,1.0
25508,1,1.0
25509,1,1.0
25510,0,1.0
25511,0,1.0
25512,0,1.0
25513,0,1.0
25514,0,1.0
25515,1,1.0
25516,1,0.9999951124191284
25517,0,0.9999997615814209
25518,1,1.0
25519,1,1.0
25520,1,1.0
25521,1,1.0
25522,1,1.0
25523,0,1.0
25524,0,1.0
25525,1,0.9989579916000366
25526,1,1.0
25527,1,1.0
25528,1,1.0
25529,1,1.0
25530,1,1.0
25531,1,1.0
25532,0,0.9999997615814209
25533,0,1.0
25534,1,1.0
25535,1,1.0
25536,0,0.9999957084655762
25537,1,1.0
25538,1,1.0
25539,1,1.0
25540,0,1.0
25541,0,1.0
25542,0,1.0
25543,0,1.0
25544,1,1.0
25545,0,1.0
25546,0,1.0
25547,0,1.0
25548,0,1.0
25549,1,1.0
25550,0,1.0
25551,0,1.0
25552,1,1.0
25553,0,1.0
25554,0,1.0
25555,1,1.0
25556,1,1.0
25557,0,0.9999998807907104
25558,1,1.0
25559,0,1.0
25560,1,1.0
25561,1,0.9999998807907104
25562,1,0.9999998807907104
25563,0,1.0
25564,1,1.0
25565,1,1.0
25566,0,1.0
25567,0,1.0
25568,0,0.9999933242797852
25569,0,0.9999998807907104
25570,0,1.0
25571,0,1.0
25572,1,1.0
25573,1,1.0
25574,1,1.0
25575,0,0.9999998807907104
25576,1,1.0
25577,0,0.9998459815979004
25578,0,1.0
25579,1,1.0
25580,1,1.0
25581,0,1.0
25582,1,1.0
25583,1,1.0
25584,1,1.0
25585,1,0.9999988079071045
25586,0,1.0
25587,1,0.9984928369522095
25588,1,1.0
25589,1,1.0
25590,1,1.0
25591,1,1.0
25592,0,0.9999998807907104
25593,0,1.0
25594,0,1.0
25595,1,1.0
25596,0,1.0
25597,1,1.0
25598,1,0.9963527917861938
25599,1,1.0
25600,1,1.0
25601,0,0.9999997615814209
25602,0,1.0
25603,0,0.9999998807907104
25604,0,0.9999063014984131
25605,1,1.0
25606,1,1.0
25607,1,0.9999827146530151
25608,0,1.0
25609,1,1.0
25610,0,1.0
25611,0,1.0
25612,0,1.0
25613,1,1.0
25614,1,1.0
25615,1,1.0
25616,0,1.0
25617,1,1.0
25618,1,1.0
25619,0,1.0
25620,1,1.0
25621,1,1.0
25622,0,1.0
25623,1,1.0
25624,0,1.0
25625,1,1.0
25626,0,1.0
25627,0,0.999970555305481
25628,0,1.0
25629,1,1.0
25630,0,1.0
25631,0,1.0
25632,0,0.9999998807907104
25633,0,1.0
25634,1,1.0
25635,1,1.0
25636,1,1.0
25637,0,1.0
25638,0,1.0
25639,1,1.0
25640,1,1.0
25641,1,1.0
25642,1,1.0
25643,0,1.0
25644,1,1.0
25645,1,1.0
25646,1,1.0
25647,1,1.0
25648,0,1.0
25649,0,0.9999977350234985
25650,0,1.0
25651,0,0.9901662468910217
25652,1,1.0
25653,1,1.0
25654,1,1.0
25655,0,1.0
25656,0,1.0
25657,0,1.0
25658,1,1.0
25659,1,1.0
25660,0,0.9999998807907104
25661,1,1.0
25662,1,1.0
25663,0,1.0
25664,1,1.0
25665,1,1.0
25666,0,1.0
25667,0,1.0
25668,1,0.9997615218162537
25669,1,1.0
25670,1,1.0
25671,1,1.0
25672,1,1.0
25673,1,1.0
25674,1,1.0
25675,1,1.0
25676,1,1.0
25677,1,1.0
25678,0,1.0
25679,0,1.0
25680,1,0.9999998807907104
25681,0,1.0
25682,0,1.0
25683,0,1.0
25684,0,1.0
25685,0,1.0
25686,1,1.0
25687,0,0.9999828338623047
25688,0,1.0
25689,0,1.0
25690,0,1.0
25691,0,1.0
25692,1,1.0
25693,0,1.0
25694,0,1.0
25695,1,1.0
25696,1,1.0
25697,0,0.99986732006073
25698,1,1.0
25699,0,1.0
25700,1,1.0
25701,0,1.0
25702,1,1.0
25703,1,1.0
25704,0,1.0
25705,1,1.0
25706,0,1.0
25707,0,1.0
25708,0,1.0
25709,0,1.0
25710,0,1.0
25711,0,0.9998748302459717
25712,0,1.0
25713,0,1.0
25714,1,1.0
25715,1,1.0
25716,1,1.0
25717,1,1.0
25718,1,1.0
25719,1,1.0
25720,0,1.0
25721,0,1.0
25722,0,1.0
25723,0,1.0
25724,1,1.0
25725,0,1.0
25726,1,1.0
25727,0,1.0
25728,0,1.0
25729,1,1.0
25730,0,1.0
25731,1,1.0
25732,1,1.0
25733,0,1.0
25734,0,1.0
25735,0,1.0
25736,0,1.0
25737,0,1.0
25738,0,1.0
25739,0,0.9999997615814209
25740,1,0.9999994039535522
25741,1,1.0
25742,1,1.0
25743,1,0.9999897480010986
25744,0,0.9999874830245972
25745,1,1.0
25746,1,1.0
25747,0,1.0
25748,0,1.0
25749,0,0.999997615814209
25750,1,1.0
25751,0,1.0
25752,0,1.0
25753,0,1.0
25754,0,1.0
25755,1,1.0
25756,1,1.0
25757,1,1.0
25758,1,1.0
25759,1,1.0
25760,0,1.0
25761,0,1.0
25762,1,1.0
25763,1,1.0
25764,1,1.0
25765,0,1.0
25766,0,1.0
25767,1,1.0
25768,0,1.0
25769,1,0.9999667406082153
25770,1,1.0
25771,1,1.0
25772,0,1.0
25773,1,1.0
25774,0,1.0
25775,1,1.0
25776,0,1.0
25777,1,1.0
25778,1,1.0
25779,1,0.9995735287666321
25780,0,1.0
25781,1,1.0
25782,1,1.0
25783,1,1.0
25784,0,1.0
25785,1,1.0
25786,1,1.0
25787,0,1.0
25788,1,0.999995231628418
25789,0,1.0
25790,1,1.0
25791,1,1.0
25792,1,1.0
25793,0,1.0
25794,1,1.0
25795,1,0.9999998807907104
25796,0,0.9999979734420776
25797,1,1.0
25798,1,1.0
25799,0,1.0
25800,1,1.0
25801,0,1.0
25802,1,1.0
25803,1,1.0
25804,0,0.999992847442627
25805,1,1.0
25806,1,1.0
25807,0,1.0
25808,0,0.99994957447052
25809,1,1.0
25810,1,1.0
25811,1,1.0
25812,0,1.0
25813,0,1.0
25814,0,0.999996542930603
25815,1,1.0
25816,0,1.0
25817,1,1.0
25818,1,1.0
25819,1,1.0
25820,1,0.9887599945068359
25821,1,1.0
25822,1,1.0
25823,0,1.0
25824,1,1.0
25825,1,1.0
25826,0,1.0
25827,1,1.0
25828,0,0.999990701675415
25829,0,0.9999986886978149
25830,1,1.0
25831,1,1.0
25832,1,1.0
25833,1,1.0
25834,0,0.9989100694656372
25835,1,1.0
25836,0,1.0
25837,1,1.0
25838,0,1.0
25839,0,0.9999977350234985
25840,0,1.0
25841,0,1.0
25842,1,1.0
25843,1,1.0
25844,0,1.0
25845,1,1.0
25846,0,1.0
25847,1,1.0
25848,0,1.0
25849,0,1.0
25850,1,1.0
25851,1,1.0
25852,0,1.0
25853,0,1.0
25854,1,1.0
25855,1,1.0
25856,0,0.9999902248382568
25857,0,1.0
25858,0,1.0
25859,1,0.9999892711639404
25860,1,1.0
25861,0,1.0
25862,0,1.0
25863,0,0.9999982118606567
25864,1,1.0
25865,0,1.0
25866,1,1.0
25867,0,1.0
25868,0,1.0
25869,0,1.0
25870,1,1.0
25871,0,1.0
25872,0,1.0
25873,0,1.0
25874,0,1.0
25875,0,1.0
25876,1,1.0
25877,1,1.0
25878,1,1.0
25879,0,1.0
25880,0,1.0
25881,0,1.0
25882,1,1.0
25883,0,1.0
25884,1,1.0
25885,0,1.0
25886,1,1.0
25887,0,1.0
25888,0,1.0
25889,0,1.0
25890,0,0.9999984502792358
25891,0,1.0
25892,1,1.0
25893,1,1.0
25894,1,0.999984622001648
25895,1,1.0
25896,0,1.0
25897,0,1.0
25898,0,1.0
25899,1,1.0
25900,0,1.0
25901,0,0.9999966621398926
25902,1,1.0
25903,0,1.0
25904,1,1.0
25905,0,1.0
25906,0,1.0
25907,1,1.0
25908,0,1.0
25909,0,0.9999998807907104
25910,0,1.0
25911,0,1.0
25912,1,1.0
25913,1,1.0
25914,1,1.0
25915,1,1.0
25916,0,1.0
25917,0,1.0
25918,1,1.0
25919,0,1.0
25920,1,1.0
25921,0,1.0
25922,0,1.0
25923,1,1.0
25924,0,1.0
25925,0,1.0
25926,0,0.9999998807907104
25927,1,1.0
25928,1,1.0
25929,1,1.0
25930,1,1.0
25931,0,1.0
25932,1,1.0
25933,0,1.0
25934,0,1.0
25935,0,1.0
25936,0,1.0
25937,1,1.0
25938,0,1.0
25939,0,1.0
25940,0,0.9999984502792358
25941,1,0.9999998807907104
25942,1,1.0
25943,0,0.9999979734420776
25944,0,1.0
25945,0,1.0
25946,0,1.0
25947,0,1.0
25948,1,1.0
25949,0,1.0
25950,0,1.0
25951,0,0.9999536275863647
25952,0,1.0
25953,1,0.9999998807907104
25954,1,1.0
25955,0,1.0
25956,0,1.0
25957,1,1.0
25958,0,1.0
25959,1,1.0
25960,0,1.0
25961,1,1.0
25962,0,1.0
25963,0,0.9999998807907104
25964,0,1.0
25965,1,1.0
25966,0,1.0
25967,0,0.9999991655349731
25968,0,1.0
25969,0,1.0
25970,1,1.0
25971,1,1.0
25972,0,1.0
25973,0,0.9999998807907104
25974,0,1.0
25975,0,1.0
25976,1,1.0
25977,0,1.0
25978,0,1.0
25979,1,0.9999996423721313
25980,0,0.999993085861206
25981,1,1.0
25982,1,0.9996376037597656
25983,1,0.8562197089195251
25984,0,1.0
25985,1,0.9994103908538818
25986,1,1.0
25987,0,1.0
25988,1,0.9999992847442627
25989,1,1.0
25990,0,1.0
25991,0,1.0
25992,0,0.9986108541488647
25993,0,1.0
25994,0,0.999998927116394
25995,1,1.0
25996,0,1.0
25997,0,0.9999998807907104
25998,0,0.9781779050827026
25999,0,1.0
26000,1,1.0
26001,0,1.0
26002,0,1.0
26003,0,1.0
26004,1,1.0
26005,0,1.0
26006,1,1.0
26007,1,1.0
26008,0,1.0
26009,1,1.0
26010,1,0.9999998807907104
26011,0,1.0
26012,1,1.0
26013,0,1.0
26014,1,1.0
26015,0,1.0
26016,1,0.9999995231628418
26017,1,0.9999997615814209
26018,1,1.0
26019,0,1.0
26020,0,1.0
26021,0,1.0
26022,1,1.0
26023,0,0.9999970197677612
26024,1,1.0
26025,0,1.0
26026,0,1.0
26027,1,1.0
26028,0,1.0
26029,1,1.0
26030,1,1.0
26031,0,1.0
26032,1,1.0
26033,0,0.9997269511222839
26034,0,1.0
26035,0,1.0
26036,0,1.0
26037,0,1.0
26038,1,1.0
26039,0,1.0
26040,1,1.0
26041,0,1.0
26042,1,1.0
26043,1,1.0
26044,1,1.0
26045,1,1.0
26046,0,1.0
26047,0,1.0
26048,0,0.9999996423721313
26049,0,1.0
26050,0,1.0
26051,0,1.0
26052,0,0.9999996423721313
26053,0,1.0
26054,0,1.0
26055,0,0.9999997615814209
26056,0,0.999988317489624
26057,1,1.0
26058,1,1.0
26059,0,1.0
26060,0,1.0
26061,0,1.0
26062,1,1.0
26063,0,1.0
26064,0,1.0
26065,1,1.0
26066,1,1.0
26067,0,0.9999997615814209
26068,1,1.0
26069,1,1.0
26070,1,1.0
26071,0,1.0
26072,1,1.0
26073,1,1.0
26074,1,1.0
26075,1,1.0
26076,1,1.0
26077,1,1.0
26078,0,0.9999979734420776
26079,0,1.0
26080,0,1.0
26081,1,1.0
26082,0,1.0
26083,0,1.0
26084,1,1.0
26085,1,1.0
26086,1,1.0
26087,1,1.0
26088,0,1.0
26089,0,1.0
26090,0,1.0
26091,0,1.0
26092,0,0.9999866485595703
26093,1,1.0
26094,0,1.0
26095,1,1.0
26096,1,0.9999970197677612
26097,1,0.9999996423721313
26098,0,1.0
26099,1,0.9997038245201111
26100,0,1.0
26101,1,1.0
26102,1,1.0
26103,1,1.0
26104,1,1.0
26105,1,1.0
26106,0,1.0
26107,1,1.0
26108,1,1.0
26109,1,1.0
26110,0,1.0
26111,0,1.0
26112,0,0.9999995231628418
26113,0,1.0
26114,0,0.9999984502792358
26115,1,1.0
26116,1,1.0
26117,1,1.0
26118,0,1.0
26119,1,1.0
26120,0,1.0
26121,1,1.0
26122,0,1.0
26123,1,1.0
26124,0,0.9999998807907104
26125,0,1.0
26126,1,1.0
26127,0,1.0
26128,0,1.0
26129,0,1.0
26130,0,1.0
26131,0,0.9991212487220764
26132,1,1.0
26133,0,1.0
26134,0,1.0
26135,0,1.0
26136,0,1.0
26137,0,1.0
26138,0,1.0
26139,1,1.0
26140,1,1.0
26141,0,1.0
26142,0,1.0
26143,1,1.0
26144,0,1.0
26145,0,0.9999982118606567
26146,0,1.0
26147,1,1.0
26148,1,1.0
26149,1,1.0
26150,0,1.0
26151,0,1.0
26152,1,1.0
26153,0,1.0
26154,0,0.9999799728393555
26155,0,1.0
26156,1,1.0
26157,1,1.0
26158,1,1.0
26159,0,0.9857924580574036
26160,1,1.0
26161,1,0.9999918937683105
26162,1,1.0
26163,0,1.0
26164,1,1.0
26165,1,0.9999998807907104
26166,1,1.0
26167,1,1.0
26168,1,1.0
26169,0,1.0
26170,1,0.9999998807907104
26171,1,1.0
26172,0,0.9999294281005859
26173,1,1.0
26174,0,0.999956488609314
26175,1,1.0
26176,0,1.0
26177,0,1.0
26178,0,0.9999991655349731
26179,1,1.0
26180,0,1.0
26181,0,1.0
26182,1,1.0
26183,1,1.0
26184,0,1.0
26185,1,1.0
26186,0,0.999962568283081
26187,1,1.0
26188,0,1.0
26189,0,1.0
26190,0,1.0
26191,1,1.0
26192,0,1.0
26193,0,1.0
26194,1,1.0
26195,0,1.0
26196,0,1.0
26197,0,1.0
26198,1,1.0
26199,1,1.0
26200,0,1.0
26201,1,1.0
26202,0,1.0
26203,0,1.0
26204,1,1.0
26205,1,1.0
26206,1,1.0
26207,1,1.0
26208,1,1.0
26209,1,0.9999998807907104
26210,0,1.0
26211,0,1.0
26212,1,0.9999966621398926
26213,1,1.0
26214,0,1.0
26215,1,1.0
26216,0,1.0
26217,1,1.0
26218,1,1.0
26219,0,1.0
26220,0,1.0
26221,0,0.9999985694885254
26222,0,0.9999998807907104
26223,1,1.0
26224,1,1.0
26225,1,1.0
26226,0,0.9999481439590454
26227,0,1.0
26228,0,1.0
26229,0,0.9994775652885437
26230,0,1.0
26231,0,1.0
26232,1,1.0
26233,0,1.0
26234,1,1.0
26235,1,1.0
26236,1,1.0
26237,1,1.0
26238,0,1.0
26239,0,0.9999113082885742
26240,1,1.0
26241,1,1.0
26242,1,1.0
26243,1,1.0
26244,0,1.0
26245,0,1.0
26246,1,0.9997565150260925
26247,0,1.0
26248,1,1.0
26249,0,0.9999997615814209
26250,1,0.9801725745201111
26251,0,1.0
26252,0,1.0
26253,1,1.0
26254,1,1.0
26255,0,1.0
26256,0,1.0
26257,0,0.9996212720870972
26258,0,1.0
26259,0,1.0
26260,0,1.0
26261,1,1.0
26262,0,1.0
26263,0,1.0
26264,1,1.0
26265,1,1.0
26266,0,1.0
26267,0,1.0
26268,0,1.0
26269,1,1.0
26270,1,1.0
26271,0,1.0
26272,0,1.0
26273,1,1.0
26274,0,0.9999626874923706
26275,0,1.0
26276,1,1.0
26277,0,0.9999998807907104
26278,0,1.0
26279,0,1.0
26280,0,1.0
26281,0,1.0
26282,1,1.0
26283,1,0.9999685287475586
26284,1,1.0
26285,1,1.0
26286,1,0.9999992847442627
26287,1,1.0
26288,0,1.0
26289,1,1.0
26290,0,1.0
26291,0,1.0
26292,1,1.0
26293,1,1.0
26294,0,1.0
26295,1,0.9999995231628418
26296,0,1.0
26297,1,1.0
26298,0,1.0
26299,1,0.9999998807907104
26300,1,1.0
26301,1,1.0
26302,0,1.0
26303,1,1.0
26304,0,1.0
26305,1,0.9999921321868896
26306,1,1.0
26307,0,1.0
26308,0,1.0
26309,1,1.0
26310,1,1.0
26311,1,1.0
26312,1,1.0
26313,1,1.0
26314,1,1.0
26315,1,1.0
26316,1,1.0
26317,0,1.0
26318,1,1.0
26319,0,1.0
26320,1,0.9999996423721313
26321,1,1.0
26322,0,1.0
26323,0,1.0
26324,1,1.0
26325,0,0.999524712562561
26326,0,1.0
26327,1,0.9999966621398926
26328,0,0.9999278783798218
26329,1,1.0
26330,1,1.0
26331,0,1.0
26332,0,1.0
26333,1,1.0
26334,0,0.9999998807907104
26335,0,1.0
26336,0,1.0
26337,0,0.9999958276748657
26338,0,1.0
26339,1,1.0
26340,1,1.0
26341,0,1.0
26342,0,1.0
26343,0,1.0
26344,0,1.0
26345,1,0.9786155223846436
26346,1,0.9999969005584717
26347,1,1.0
26348,0,1.0
26349,1,1.0
26350,0,1.0
26351,0,1.0
26352,1,0.9998966455459595
26353,0,0.9999984502792358
26354,0,1.0
26355,0,1.0
26356,1,1.0
26357,1,0.9999918937683105
26358,0,1.0
26359,1,1.0
26360,1,0.9999728202819824
26361,0,1.0
26362,1,1.0
26363,0,0.9999923706054688
26364,1,1.0
26365,0,1.0
26366,0,0.9999996423721313
26367,1,1.0
26368,0,1.0
26369,1,1.0
26370,1,1.0
26371,0,0.9999991655349731
26372,1,1.0
26373,1,1.0
26374,1,1.0
26375,0,1.0
26376,1,1.0
26377,1,1.0
26378,0,1.0
26379,1,1.0
26380,1,1.0
26381,1,1.0
26382,1,1.0
26383,1,1.0
26384,0,1.0
26385,0,1.0
26386,0,1.0
26387,1,1.0
26388,0,0.9999963045120239
26389,0,1.0
26390,0,0.9999991655349731
26391,0,1.0
26392,0,0.9999997615814209
26393,0,1.0
26394,1,1.0
26395,1,1.0
26396,1,1.0
26397,0,1.0
26398,1,1.0
26399,1,1.0
26400,0,1.0
26401,1,1.0
26402,1,0.9999998807907104
26403,0,1.0
26404,1,0.9999947547912598
26405,0,1.0
26406,1,1.0
26407,1,1.0
26408,1,1.0
26409,0,1.0
26410,1,1.0
26411,0,0.9999983310699463
26412,0,1.0
26413,0,0.9999995231628418
26414,0,1.0
26415,1,1.0
26416,0,1.0
26417,1,1.0
26418,1,1.0
26419,0,1.0
26420,1,1.0
26421,0,0.9999988079071045
26422,0,1.0
26423,0,1.0
26424,1,1.0
26425,1,1.0
26426,1,1.0
26427,0,1.0
26428,1,1.0
26429,1,1.0
26430,0,1.0
26431,1,0.9999902248382568
26432,0,1.0
26433,1,1.0
26434,1,1.0
26435,0,1.0
26436,0,0.9999997615814209
26437,0,1.0
26438,0,1.0
26439,1,1.0
26440,0,0.9998239874839783
26441,1,1.0
26442,1,1.0
26443,1,1.0
26444,1,1.0
26445,1,1.0
26446,0,1.0
26447,1,1.0
26448,1,1.0
26449,0,1.0
26450,1,1.0
26451,1,1.0
26452,1,0.9999997615814209
26453,1,1.0
26454,1,1.0
26455,0,0.9999986886978149
26456,0,1.0
26457,1,1.0
26458,1,1.0
26459,0,0.9999998807907104
26460,0,1.0
26461,0,0.9999998807907104
26462,1,1.0
26463,0,1.0
26464,0,0.999997615814209
26465,0,1.0
26466,0,1.0
26467,1,1.0
26468,0,1.0
26469,1,1.0
26470,1,1.0
26471,0,1.0
26472,0,0.9999998807907104
26473,0,1.0
26474,0,0.9999991655349731
26475,1,1.0
26476,1,1.0
26477,0,1.0
26478,1,0.999998927116394
26479,1,1.0
26480,1,1.0
26481,0,0.99998939037323
26482,0,1.0
26483,1,1.0
26484,0,1.0
26485,1,1.0
26486,0,0.9999997615814209
26487,1,1.0
26488,1,1.0
26489,1,0.9999667406082153
26490,0,1.0
26491,0,1.0
26492,1,1.0
26493,0,1.0
26494,0,1.0
26495,1,1.0
26496,1,0.9999997615814209
26497,0,1.0
26498,0,1.0
26499,1,1.0
26500,1,1.0
26501,0,1.0
26502,1,1.0
26503,1,1.0
26504,0,0.9999998807907104
26505,0,1.0
26506,1,1.0
26507,1,1.0
26508,0,1.0
26509,0,1.0
26510,0,0.9999977350234985
26511,1,1.0
26512,0,1.0
26513,0,1.0
26514,1,1.0
26515,1,1.0
26516,0,0.9993715882301331
26517,0,1.0
26518,0,1.0
26519,1,1.0
26520,1,1.0
26521,0,1.0
26522,1,1.0
26523,0,0.9999935626983643
26524,0,0.9999997615814209
26525,0,1.0
26526,0,1.0
26527,0,1.0
26528,0,0.9999990463256836
26529,0,1.0
26530,1,1.0
26531,0,1.0
26532,0,0.9999982118606567
26533,0,1.0
26534,0,1.0
26535,0,1.0
26536,1,1.0
26537,1,1.0
26538,1,1.0
26539,0,1.0
26540,0,1.0
26541,0,1.0
26542,1,1.0
26543,0,1.0
26544,1,1.0
26545,1,1.0
26546,0,1.0
26547,1,1.0
26548,0,0.9999994039535522
26549,1,1.0
26550,0,1.0
26551,1,1.0
26552,0,1.0
26553,0,1.0
26554,0,1.0
26555,0,1.0
26556,1,1.0
26557,0,0.999995231628418
26558,1,1.0
26559,1,0.9993423819541931
26560,0,0.9999690055847168
26561,1,1.0
26562,1,0.9982670545578003
26563,1,1.0
26564,0,0.9999933242797852
26565,1,1.0
26566,0,1.0
26567,0,1.0
26568,1,1.0
26569,1,1.0
26570,0,1.0
26571,0,1.0
26572,1,0.9999994039535522
26573,0,1.0
26574,1,0.9999985694885254
26575,0,1.0
26576,1,1.0
26577,1,1.0
26578,1,0.9999998807907104
26579,1,1.0
26580,0,0.9999998807907104
26581,0,1.0
26582,1,1.0
26583,1,1.0
26584,1,1.0
26585,1,1.0
26586,0,0.9134103655815125
26587,0,1.0
26588,1,1.0
26589,1,1.0
26590,0,1.0
26591,1,1.0
26592,0,1.0
26593,1,1.0
26594,1,1.0
26595,0,0.8267067074775696
26596,1,1.0
26597,1,1.0
26598,0,1.0
26599,1,1.0
26600,0,1.0
26601,0,1.0
26602,0,1.0
26603,1,1.0
26604,0,1.0
26605,1,1.0
26606,0,1.0
26607,1,0.9999990463256836
26608,0,1.0
26609,1,1.0
26610,1,1.0
26611,0,0.7365759015083313
26612,0,1.0
26613,0,1.0
26614,0,0.9999125003814697
26615,1,1.0
26616,0,1.0
26617,0,1.0
26618,0,1.0
26619,1,1.0
26620,1,1.0
26621,0,1.0
26622,1,1.0
26623,0,1.0
26624,0,1.0
26625,1,1.0
26626,0,1.0
26627,0,1.0
26628,0,1.0
26629,0,1.0
26630,0,0.9999991655349731
26631,0,1.0
26632,1,1.0
26633,1,1.0
26634,0,1.0
26635,0,0.9999933242797852
26636,0,1.0
26637,1,1.0
26638,1,1.0
26639,1,1.0
26640,0,1.0
26641,0,1.0
26642,1,1.0
26643,1,1.0
26644,0,1.0
26645,1,1.0
26646,1,1.0
26647,1,0.9997721314430237
26648,1,1.0
26649,1,1.0
26650,1,1.0
26651,0,1.0
26652,1,1.0
26653,0,0.999883770942688
26654,1,1.0
26655,1,1.0
26656,0,1.0
26657,1,1.0
26658,0,1.0
26659,1,1.0
26660,0,0.999998927116394
26661,0,1.0
26662,1,1.0
26663,1,1.0
26664,0,1.0
26665,0,0.9999998807907104
26666,0,1.0
26667,0,1.0
26668,0,0.9999933242797852
26669,1,1.0
26670,1,1.0
26671,1,1.0
26672,0,1.0
26673,1,1.0
26674,0,1.0
26675,1,1.0
26676,1,1.0
26677,1,1.0
26678,0,1.0
26679,1,1.0
26680,0,1.0
26681,1,1.0
26682,0,0.9999985694885254
26683,0,0.9997779726982117
26684,0,0.9999998807907104
26685,1,1.0
26686,1,1.0
26687,1,1.0
26688,1,1.0
26689,0,1.0
26690,1,1.0
26691,0,1.0
26692,0,1.0
26693,1,1.0
26694,0,1.0
26695,0,1.0
26696,0,1.0
26697,0,1.0
26698,0,1.0
26699,1,1.0
26700,0,1.0
26701,0,0.9999984502792358
26702,0,1.0
26703,0,0.9999984502792358
26704,0,1.0
26705,1,1.0
26706,1,1.0
26707,1,1.0
26708,1,0.9999922513961792
26709,0,1.0
26710,1,1.0
26711,1,1.0
26712,1,1.0
26713,1,1.0
26714,0,1.0
26715,1,1.0
26716,1,1.0
26717,1,1.0
26718,1,1.0
26719,0,1.0
26720,0,1.0
26721,0,1.0
26722,0,0.9999992847442627
26723,1,1.0
26724,0,1.0
26725,0,1.0
26726,1,1.0
26727,1,1.0
26728,0,1.0
26729,0,0.999996542930603
26730,0,1.0
26731,0,1.0
26732,1,1.0
26733,1,1.0
26734,0,0.9999128580093384
26735,0,1.0
26736,0,1.0
26737,1,1.0
26738,0,1.0
26739,0,1.0
26740,0,1.0
26741,1,1.0
26742,0,1.0
26743,0,0.999995231628418
26744,1,1.0
26745,0,1.0
26746,1,1.0
26747,1,1.0
26748,0,1.0
26749,1,1.0
26750,1,1.0
26751,1,1.0
26752,0,1.0
26753,0,0.9999994039535522
26754,1,1.0
26755,1,1.0
26756,1,1.0
26757,0,1.0
26758,0,1.0
26759,1,1.0
26760,0,1.0
26761,0,1.0
26762,1,1.0
26763,0,1.0
26764,0,1.0
26765,0,1.0
26766,1,1.0
26767,0,1.0
26768,0,0.9463272094726562
26769,1,1.0
26770,0,0.9999998807907104
26771,1,1.0
26772,1,1.0
26773,0,1.0
26774,1,1.0
26775,0,1.0
26776,0,0.9999998807907104
26777,0,1.0
26778,0,0.9999991655349731
26779,0,1.0
26780,0,0.9999524354934692
26781,0,1.0
26782,0,1.0
26783,0,1.0
26784,0,1.0
26785,1,1.0
26786,0,1.0
26787,1,1.0
26788,0,0.9999998807907104
26789,0,1.0
26790,1,1.0
26791,0,1.0
26792,0,1.0
26793,0,1.0
26794,1,1.0
26795,1,1.0
26796,0,1.0
26797,0,1.0
26798,0,1.0
26799,0,1.0
26800,1,1.0
26801,0,1.0
26802,0,0.9999998807907104
26803,0,1.0
26804,0,0.9999836683273315
26805,0,1.0
26806,0,1.0
26807,1,1.0
26808,0,1.0
26809,1,1.0
26810,1,1.0
26811,0,1.0
26812,1,0.9999998807907104
26813,1,1.0
26814,1,1.0
26815,0,0.9904139637947083
26816,0,1.0
26817,1,1.0
26818,0,1.0
26819,1,1.0
26820,0,0.9998193383216858
26821,1,1.0
26822,0,0.9999901056289673
26823,1,1.0
26824,1,1.0
26825,1,1.0
26826,0,1.0
26827,1,1.0
26828,0,1.0
26829,1,1.0
26830,0,1.0
26831,0,0.9999668598175049
26832,0,0.9999990463256836
26833,0,1.0
26834,0,1.0
26835,0,1.0
26836,0,1.0
26837,1,1.0
26838,1,1.0
26839,1,1.0
26840,1,1.0
26841,0,1.0
26842,1,1.0
26843,0,1.0
26844,1,1.0
26845,0,1.0
26846,0,1.0
26847,1,1.0
26848,0,1.0
26849,0,1.0
26850,0,1.0
26851,0,1.0
26852,1,1.0
26853,0,1.0
26854,0,1.0
26855,1,1.0
26856,1,1.0
26857,0,0.9999998807907104
26858,1,1.0
26859,0,1.0
26860,0,0.9999996423721313
26861,1,1.0
26862,0,0.9999998807907104
26863,0,0.999982476234436
26864,0,1.0
26865,1,1.0
26866,0,1.0
26867,1,1.0
26868,1,1.0
26869,1,0.9999979734420776
26870,1,1.0
26871,1,1.0
26872,0,0.9997360110282898
26873,0,1.0
26874,0,1.0
26875,1,1.0
26876,0,1.0
26877,1,1.0
26878,1,0.9999998807907104
26879,1,1.0
26880,0,1.0
26881,1,1.0
26882,1,1.0
26883,0,1.0
26884,1,1.0
26885,0,1.0
26886,1,1.0
26887,1,1.0
26888,1,0.9999876022338867
26889,0,1.0
26890,1,1.0
26891,0,1.0
26892,1,1.0
26893,1,1.0
26894,1,1.0
26895,0,1.0
26896,1,1.0
26897,0,1.0
26898,1,1.0
26899,1,1.0
26900,0,1.0
26901,0,1.0
26902,1,1.0
26903,0,1.0
26904,0,0.9999997615814209
26905,1,1.0
26906,1,0.9999997615814209
26907,0,0.9999998807907104
26908,0,1.0
26909,0,1.0
26910,0,0.9999997615814209
26911,0,1.0
26912,1,1.0
26913,0,1.0
26914,1,1.0
26915,0,1.0
26916,1,1.0
26917,0,1.0
26918,0,0.9999998807907104
26919,1,1.0
26920,1,1.0
26921,0,1.0
26922,0,1.0
26923,1,1.0
26924,0,0.9999916553497314
26925,1,1.0
26926,1,1.0
26927,1,0.9999995231628418
26928,1,1.0
26929,1,1.0
26930,1,1.0
26931,1,1.0
26932,0,1.0
26933,1,1.0
26934,1,1.0
26935,1,1.0
26936,1,1.0
26937,0,0.9999997615814209
26938,1,0.9999990463256836
26939,0,1.0
26940,0,1.0
26941,0,1.0
26942,1,1.0
26943,0,1.0
26944,1,1.0
26945,0,1.0
26946,1,1.0
26947,1,1.0
26948,0,1.0
26949,0,1.0
26950,1,1.0
26951,0,1.0
26952,0,1.0
26953,1,1.0
26954,1,1.0
26955,0,1.0
26956,1,1.0
26957,0,0.9998703002929688
26958,1,0.9999998807907104
26959,1,1.0
26960,0,1.0
26961,1,1.0
26962,0,1.0
26963,1,1.0
26964,1,1.0
26965,0,1.0
26966,1,1.0
26967,0,1.0
26968,1,1.0
26969,0,0.9999998807907104
26970,1,0.9999998807907104
26971,0,1.0
26972,0,1.0
26973,1,1.0
26974,0,1.0
26975,1,1.0
26976,1,1.0
26977,1,0.9999998807907104
26978,1,1.0
26979,0,1.0
26980,1,1.0
26981,0,1.0
26982,0,1.0
26983,0,1.0
26984,1,1.0
26985,0,1.0
26986,0,0.9943832159042358
26987,0,1.0
26988,1,1.0
26989,1,1.0
26990,1,1.0
26991,0,0.9999951124191284
26992,0,1.0
26993,1,1.0
26994,1,1.0
26995,0,1.0
26996,0,0.9999995231628418
26997,0,1.0
26998,0,1.0
26999,1,1.0
27000,1,1.0
27001,0,0.9999867677688599
27002,1,1.0
27003,0,1.0
27004,0,1.0
27005,0,1.0
27006,0,1.0
27007,0,1.0
27008,1,1.0
27009,1,1.0
27010,1,1.0
27011,1,1.0
27012,1,1.0
27013,0,1.0
27014,0,1.0
27015,1,1.0
27016,0,0.9861755967140198
27017,0,1.0
27018,0,1.0
27019,1,0.9999994039535522
27020,0,1.0
27021,0,0.999995231628418
27022,0,1.0
27023,0,0.9999998807907104
27024,1,0.9998102784156799
27025,0,1.0
27026,0,0.9909353852272034
27027,0,1.0
27028,0,0.9833925366401672
27029,1,1.0
27030,1,0.6801729798316956
27031,1,1.0
27032,0,1.0
27033,1,1.0
27034,1,1.0
27035,0,1.0
27036,0,0.9963410496711731
27037,1,0.9999792575836182
27038,1,1.0
27039,0,1.0
27040,0,0.9999964237213135
27041,1,1.0
27042,0,1.0
27043,0,1.0
27044,0,1.0
27045,0,1.0
27046,1,1.0
27047,0,1.0
27048,0,0.9999874830245972
27049,0,1.0
27050,1,0.9999998807907104
27051,1,1.0
27052,1,1.0
27053,0,1.0
27054,1,1.0
27055,0,1.0
27056,0,0.9999998807907104
27057,0,1.0
27058,1,1.0
27059,1,1.0
27060,1,1.0
27061,1,1.0
27062,0,0.9999997615814209
27063,1,1.0
27064,1,1.0
27065,1,1.0
27066,1,1.0
27067,0,0.9999997615814209
27068,1,1.0
27069,0,0.9999998807907104
27070,1,1.0
27071,1,1.0
27072,1,1.0
27073,1,1.0
27074,0,1.0
27075,1,1.0
27076,1,0.9999967813491821
27077,1,1.0
27078,0,1.0
27079,0,1.0
27080,0,1.0
27081,1,1.0
27082,1,1.0
27083,1,1.0
27084,1,1.0
27085,1,1.0
27086,1,1.0
27087,0,1.0
27088,1,1.0
27089,1,1.0
27090,1,1.0
27091,1,1.0
27092,0,1.0
27093,1,1.0
27094,1,1.0
27095,0,1.0
27096,1,1.0
27097,0,1.0
27098,0,1.0
27099,0,0.9999995231628418
27100,0,1.0
27101,1,1.0
27102,0,1.0
27103,0,1.0
27104,1,1.0
27105,0,1.0
27106,1,1.0
27107,1,1.0
27108,0,0.9999998807907104
27109,1,1.0
27110,0,1.0
27111,1,1.0
27112,0,1.0
27113,0,1.0
27114,1,0.999998927116394
27115,1,1.0
27116,0,1.0
27117,1,1.0
27118,1,1.0
27119,1,1.0
27120,0,1.0
27121,0,1.0
27122,1,1.0
27123,0,1.0
27124,0,0.7386873960494995
27125,0,0.9999998807907104
27126,1,1.0
27127,1,1.0
27128,0,1.0
27129,0,0.9999959468841553
27130,0,1.0
27131,1,1.0
27132,1,1.0
27133,1,1.0
27134,1,1.0
27135,0,1.0
27136,1,1.0
27137,1,0.999997615814209
27138,0,1.0
27139,0,1.0
27140,1,1.0
27141,0,1.0
27142,0,1.0
27143,1,1.0
27144,1,1.0
27145,0,1.0
27146,0,1.0
27147,0,0.9999896287918091
27148,1,1.0
27149,1,1.0
27150,1,1.0
27151,1,1.0
27152,0,0.9935317635536194
27153,0,1.0
27154,0,1.0
27155,1,1.0
27156,1,0.9973292350769043
27157,1,1.0
27158,0,1.0
27159,0,1.0
27160,0,1.0
27161,1,0.9999970197677612
27162,1,1.0
27163,1,1.0
27164,0,1.0
27165,1,1.0
27166,0,0.9999895095825195
27167,1,1.0
27168,1,0.9999978542327881
27169,1,0.9999951124191284
27170,1,1.0
27171,0,1.0
27172,0,1.0
27173,1,1.0
27174,0,0.9999805688858032
27175,1,0.9999887943267822
27176,1,1.0
27177,1,1.0
27178,0,1.0
27179,0,1.0
27180,1,1.0
27181,0,1.0
27182,0,0.9999998807907104
27183,1,1.0
27184,0,1.0
27185,0,0.9995620846748352
27186,0,1.0
27187,0,0.9999771118164062
27188,0,1.0
27189,1,1.0
27190,1,1.0
27191,0,1.0
27192,1,1.0
27193,0,1.0
27194,1,1.0
27195,1,1.0
27196,1,1.0
27197,1,1.0
27198,1,1.0
27199,0,1.0
27200,1,0.9999997615814209
27201,1,1.0
27202,1,1.0
27203,0,1.0
27204,1,1.0
27205,1,1.0
27206,1,1.0
27207,1,1.0
27208,0,1.0
27209,1,1.0
27210,1,1.0
27211,1,1.0
27212,1,0.9999923706054688
27213,0,1.0
27214,0,0.9999995231628418
27215,0,1.0
27216,0,1.0
27217,1,1.0
27218,0,1.0
27219,0,0.9999966621398926
27220,0,1.0
27221,0,1.0
27222,1,1.0
27223,1,1.0
27224,1,1.0
27225,0,1.0
27226,1,1.0
27227,1,1.0
27228,1,1.0
27229,1,1.0
27230,0,1.0
27231,1,1.0
27232,1,1.0
27233,1,1.0
27234,0,1.0
27235,0,0.9999998807907104
27236,1,0.9999985694885254
27237,0,0.9999727010726929
27238,1,1.0
27239,0,1.0
27240,0,1.0
27241,1,1.0
27242,0,1.0
27243,0,1.0
27244,0,1.0
27245,0,0.9996283054351807
27246,0,0.9999116659164429
27247,1,1.0
27248,0,0.9999998807907104
27249,0,0.9999998807907104
27250,0,1.0
27251,0,1.0
27252,1,1.0
27253,0,1.0
27254,0,0.9999995231628418
27255,0,1.0
27256,0,1.0
27257,1,1.0
27258,0,1.0
27259,0,1.0
27260,1,1.0
27261,0,1.0
27262,1,1.0
27263,1,1.0
27264,1,1.0
27265,0,1.0
27266,0,1.0
27267,1,1.0
27268,1,1.0
27269,0,1.0
27270,1,1.0
27271,0,1.0
27272,1,1.0
27273,0,0.9999908208847046
27274,1,0.9999998807907104
27275,0,0.9999880790710449
27276,1,1.0
27277,0,0.9999984502792358
27278,1,1.0
27279,0,0.9999994039535522
27280,1,1.0
27281,1,1.0
27282,1,1.0
27283,1,1.0
27284,1,1.0
27285,0,1.0
27286,1,1.0
27287,0,0.9977898597717285
27288,1,1.0
27289,1,1.0
27290,0,0.9999973773956299
27291,1,1.0
27292,0,1.0
27293,1,1.0
27294,0,1.0
27295,0,1.0
27296,0,1.0
27297,0,0.8002080321311951
27298,1,1.0
27299,0,1.0
27300,1,1.0
27301,1,1.0
27302,1,1.0
27303,0,1.0
27304,0,1.0
27305,0,1.0
27306,1,1.0
27307,0,1.0
27308,0,0.9999998807907104
27309,0,1.0
27310,1,1.0
27311,0,1.0
27312,1,1.0
27313,1,1.0
27314,1,1.0
27315,0,1.0
27316,1,1.0
27317,1,0.9999868869781494
27318,0,1.0
27319,1,1.0
27320,1,1.0
27321,0,1.0
27322,1,1.0
27323,0,1.0
27324,1,1.0
27325,1,1.0
27326,1,1.0
27327,0,1.0
27328,0,0.9999997615814209
27329,0,1.0
27330,0,1.0
27331,1,0.9999961853027344
27332,1,1.0
27333,0,0.9999910593032837
27334,0,1.0
27335,1,1.0
27336,1,1.0
27337,0,1.0
27338,0,1.0
27339,0,1.0
27340,1,1.0
27341,0,1.0
27342,1,1.0
27343,1,0.9951477646827698
27344,0,1.0
27345,0,1.0
27346,0,1.0
27347,1,1.0
27348,0,1.0
27349,1,1.0
27350,0,0.9999996423721313
27351,1,1.0
27352,0,1.0
27353,1,1.0
27354,1,1.0
27355,1,1.0
27356,0,0.999984622001648
27357,0,0.9999842643737793
27358,0,1.0
27359,1,1.0
27360,0,1.0
27361,0,1.0
27362,1,1.0
27363,1,1.0
27364,0,1.0
27365,1,1.0
27366,0,1.0
27367,1,1.0
27368,0,0.9999998807907104
27369,0,1.0
27370,1,1.0
27371,1,1.0
27372,0,1.0
27373,0,0.875656247138977
27374,0,1.0
27375,0,1.0
27376,1,1.0
27377,1,1.0
27378,0,0.9999808073043823
27379,0,1.0
27380,1,1.0
27381,1,1.0
27382,0,1.0
27383,0,1.0
27384,0,1.0
27385,0,1.0
27386,1,1.0
27387,0,1.0
27388,0,1.0
27389,1,1.0
27390,1,1.0
27391,1,0.999998927116394
27392,1,1.0
27393,0,1.0
27394,1,1.0
27395,1,1.0
27396,0,1.0
27397,0,1.0
27398,1,1.0
27399,1,1.0
27400,0,1.0
27401,1,1.0
27402,0,1.0
27403,0,0.9850672483444214
27404,1,1.0
27405,0,0.9999825954437256
27406,0,1.0
27407,0,1.0
27408,0,0.9999616146087646
27409,1,1.0
27410,1,0.9999991655349731
27411,1,1.0
27412,1,1.0
27413,0,0.9996306896209717
27414,0,0.9977883100509644
27415,1,1.0
27416,1,1.0
27417,1,1.0
27418,0,1.0
27419,0,1.0
27420,1,1.0
27421,0,1.0
27422,1,1.0
27423,0,1.0
27424,1,1.0
27425,0,1.0
27426,0,1.0
27427,1,1.0
27428,0,1.0
27429,1,0.9999971389770508
27430,1,1.0
27431,0,1.0
27432,1,1.0
27433,1,1.0
27434,0,1.0
27435,0,0.9999351501464844
27436,0,1.0
27437,1,1.0
27438,1,1.0
27439,1,1.0
27440,0,0.9998770952224731
27441,1,1.0
27442,0,1.0
27443,0,0.9997537732124329
27444,1,1.0
27445,1,1.0
27446,1,1.0
27447,0,1.0
27448,1,1.0
27449,0,1.0
27450,0,0.9999996423721313
27451,1,1.0
27452,1,1.0
27453,0,1.0
27454,1,1.0
27455,1,1.0
27456,1,1.0
27457,0,1.0
27458,1,1.0
27459,1,1.0
27460,1,1.0
27461,1,1.0
27462,1,1.0
27463,1,1.0
27464,0,1.0
27465,1,1.0
27466,0,1.0
27467,1,1.0
27468,0,1.0
27469,1,1.0
27470,0,1.0
27471,1,1.0
27472,0,1.0
27473,0,0.9996750354766846
27474,1,0.9999889135360718
27475,0,0.9999961853027344
27476,0,1.0
27477,1,1.0
27478,0,1.0
27479,1,1.0
27480,0,1.0
27481,0,1.0
27482,0,1.0
27483,0,0.9869247674942017
27484,1,1.0
27485,0,1.0
27486,1,1.0
27487,1,1.0
27488,0,1.0
27489,0,1.0
27490,1,1.0
27491,0,1.0
27492,0,1.0
27493,1,1.0
27494,1,1.0
27495,0,1.0
27496,1,1.0
27497,0,1.0
27498,0,1.0
27499,1,0.9999996423721313
27500,0,1.0
27501,1,1.0
27502,1,1.0
27503,1,1.0
27504,1,1.0
27505,0,0.9997754693031311
27506,1,0.9999997615814209
27507,1,1.0
27508,0,1.0
27509,0,1.0
27510,0,0.9999169111251831
27511,1,1.0
27512,0,1.0
27513,0,1.0
27514,1,1.0
27515,0,1.0
27516,0,1.0
27517,1,1.0
27518,0,1.0
27519,1,1.0
27520,1,1.0
27521,1,1.0
27522,1,1.0
27523,1,1.0
27524,0,1.0
27525,0,0.9999992847442627
27526,1,1.0
27527,0,1.0
27528,1,0.9999997615814209
27529,0,1.0
27530,1,1.0
27531,1,1.0
27532,1,1.0
27533,1,1.0
27534,1,1.0
27535,0,1.0
27536,1,1.0
27537,1,1.0
27538,0,1.0
27539,1,1.0
27540,0,1.0
27541,0,1.0
27542,0,0.999995231628418
27543,0,1.0
27544,1,1.0
27545,0,1.0
27546,0,1.0
27547,0,1.0
27548,0,1.0
27549,1,1.0
27550,1,1.0
27551,0,0.9999706745147705
27552,1,1.0
27553,0,1.0
27554,1,1.0
27555,0,0.9999997615814209
27556,1,1.0
27557,0,1.0
27558,1,1.0
27559,0,1.0
27560,1,1.0
27561,0,1.0
27562,0,1.0
27563,0,0.9999998807907104
27564,1,1.0
27565,0,0.9999997615814209
27566,1,1.0
27567,0,1.0
27568,1,1.0
27569,1,1.0
27570,1,1.0
27571,0,1.0
27572,1,1.0
27573,0,1.0
27574,0,1.0
27575,0,1.0
27576,0,1.0
27577,1,1.0
27578,0,1.0
27579,1,1.0
27580,1,1.0
27581,1,1.0
27582,0,1.0
27583,0,0.9999997615814209
27584,0,1.0
27585,0,1.0
27586,0,0.9998446702957153
27587,0,1.0
27588,0,1.0
27589,0,1.0
27590,1,1.0
27591,0,1.0
27592,0,1.0
27593,0,1.0
27594,1,0.9999995231628418
27595,1,1.0
27596,0,1.0
27597,1,0.9999973773956299
27598,1,0.9999818801879883
27599,0,1.0
27600,0,1.0
27601,0,1.0
27602,1,1.0
27603,1,1.0
27604,0,1.0
27605,0,1.0
27606,1,1.0
27607,0,1.0
27608,0,1.0
27609,1,1.0
27610,0,1.0
27611,1,1.0
27612,1,1.0
27613,0,1.0
27614,0,1.0
27615,1,1.0
27616,1,1.0
27617,1,1.0
27618,1,1.0
27619,0,0.9999997615814209
27620,1,1.0
27621,1,1.0
27622,1,1.0
27623,1,1.0
27624,1,0.9999998807907104
27625,1,1.0
27626,1,1.0
27627,1,1.0
27628,1,1.0
27629,1,1.0
27630,0,1.0
27631,0,1.0
27632,0,1.0
27633,0,1.0
27634,0,1.0
27635,1,1.0
27636,0,0.9999808073043823
27637,1,1.0
27638,0,1.0
27639,0,1.0
27640,1,1.0
27641,1,1.0
27642,1,1.0
27643,1,1.0
27644,1,1.0
27645,0,1.0
27646,0,1.0
27647,1,1.0
27648,1,1.0
27649,0,1.0
27650,1,1.0
27651,0,1.0
27652,0,1.0
27653,1,1.0
27654,0,1.0
27655,0,1.0
27656,0,1.0
27657,0,0.9999996423721313
27658,0,1.0
27659,1,1.0
27660,0,1.0
27661,1,1.0
27662,1,1.0
27663,1,1.0
27664,0,1.0
27665,0,1.0
27666,0,1.0
27667,1,1.0
27668,0,1.0
27669,1,0.9999998807907104
27670,0,1.0
27671,0,1.0
27672,1,1.0
27673,0,1.0
27674,0,0.9999998807907104
27675,0,1.0
27676,1,1.0
27677,1,1.0
27678,1,1.0
27679,1,1.0
27680,0,1.0
27681,0,1.0
27682,0,1.0
27683,1,1.0
27684,1,0.9999973773956299
27685,1,1.0
27686,0,0.9999997615814209
27687,0,1.0
27688,1,1.0
27689,1,0.9999992847442627
27690,0,1.0
27691,1,1.0
27692,0,1.0
27693,0,1.0
27694,0,1.0
27695,1,1.0
27696,0,0.9988861680030823
27697,0,1.0
27698,1,0.999998927116394
27699,1,1.0
27700,1,1.0
27701,1,1.0
27702,1,1.0
27703,1,1.0
27704,1,1.0
27705,1,0.8920454382896423
27706,0,1.0
27707,0,1.0
27708,1,1.0
27709,1,1.0
27710,1,1.0
27711,0,1.0
27712,1,1.0
27713,1,1.0
27714,1,1.0
27715,1,1.0
27716,0,0.9999998807907104
27717,1,1.0
27718,0,1.0
27719,0,1.0
27720,0,1.0
27721,0,1.0
27722,0,0.9999964237213135
27723,0,1.0
27724,1,1.0
27725,0,1.0
27726,1,1.0
27727,0,0.9996115565299988
27728,0,1.0
27729,0,1.0
27730,1,1.0
27731,1,1.0
27732,0,1.0
27733,0,1.0
27734,0,0.9999957084655762
27735,1,1.0
27736,1,1.0
27737,0,1.0
27738,0,1.0
27739,1,1.0
27740,1,1.0
27741,0,1.0
27742,1,1.0
27743,1,1.0
27744,1,1.0
27745,1,1.0
27746,0,1.0
27747,1,1.0
27748,0,1.0
27749,0,1.0
27750,0,0.9999996423721313
27751,1,1.0
27752,0,1.0
27753,1,1.0
27754,0,1.0
27755,1,1.0
27756,1,1.0
27757,0,1.0
27758,1,1.0
27759,1,1.0
27760,1,1.0
27761,0,0.9994603991508484
27762,0,0.9999513626098633
27763,0,0.9999998807907104
27764,0,1.0
27765,1,1.0
27766,0,0.9999998807907104
27767,1,1.0
27768,1,1.0
27769,1,1.0
27770,0,1.0
27771,1,1.0
27772,0,1.0
27773,0,1.0
27774,0,1.0
27775,1,1.0
27776,1,1.0
27777,1,1.0
27778,1,1.0
27779,1,1.0
27780,1,1.0
27781,0,1.0
27782,0,0.9999889135360718
27783,1,0.9982228875160217
27784,0,1.0
27785,1,1.0
27786,1,0.9999723434448242
27787,0,1.0
27788,1,1.0
27789,1,1.0
27790,0,1.0
27791,0,1.0
27792,1,1.0
27793,0,1.0
27794,1,1.0
27795,0,0.9999998807907104
27796,0,1.0
27797,0,1.0
27798,1,1.0
27799,0,1.0
27800,1,1.0
27801,0,1.0
27802,1,1.0
27803,0,1.0
27804,0,1.0
27805,0,1.0
27806,1,1.0
27807,1,1.0
27808,1,1.0
27809,0,1.0
27810,1,1.0
27811,1,0.9999998807907104
27812,0,1.0
27813,1,1.0
27814,1,1.0
27815,0,0.9999995231628418
27816,1,1.0
27817,1,1.0
27818,1,1.0
27819,1,0.9999666213989258
27820,1,0.9999997615814209
27821,0,1.0
27822,0,1.0
27823,1,0.999997615814209
27824,0,1.0
27825,1,1.0
27826,0,0.9999988079071045
27827,0,1.0
27828,1,1.0
27829,0,1.0
27830,1,1.0
27831,0,1.0
27832,0,0.9999997615814209
27833,0,1.0
27834,0,0.9999866485595703
27835,0,1.0
27836,1,0.817331075668335
27837,1,1.0
27838,0,1.0
27839,1,1.0
27840,1,1.0
27841,0,1.0
27842,1,1.0
27843,1,1.0
27844,1,1.0
27845,0,1.0
27846,0,0.9999988079071045
27847,0,0.9999972581863403
27848,0,0.9999998807907104
27849,1,1.0
27850,1,1.0
27851,0,1.0
27852,0,1.0
27853,0,1.0
27854,1,1.0
27855,0,1.0
27856,1,1.0
27857,1,1.0
27858,0,1.0
27859,0,0.9999816417694092
27860,1,1.0
27861,1,1.0
27862,0,0.9999998807907104
27863,0,1.0
27864,0,0.9999996423721313
27865,0,0.9999996423721313
27866,0,1.0
27867,1,1.0
27868,1,1.0
27869,0,1.0
27870,0,1.0
27871,0,1.0
27872,0,1.0
27873,0,1.0
27874,0,1.0
27875,1,1.0
27876,1,1.0
27877,0,0.9999978542327881
27878,0,1.0
27879,1,1.0
27880,0,1.0
27881,0,0.9999998807907104
27882,1,1.0
27883,1,0.9999998807907104
27884,0,1.0
27885,1,1.0
27886,0,1.0
27887,0,1.0
27888,1,1.0
27889,0,1.0
27890,1,1.0
27891,0,0.9999995231628418
27892,0,0.9519082903862
27893,0,1.0
27894,1,1.0
27895,0,1.0
27896,0,0.9892957806587219
27897,1,1.0
27898,1,1.0
27899,0,0.9999964237213135
27900,1,1.0
27901,0,0.9965684413909912
27902,0,1.0
27903,1,1.0
27904,1,1.0
27905,1,1.0
27906,1,0.9999978542327881
27907,0,0.9999969005584717
27908,0,1.0
27909,1,1.0
27910,1,1.0
27911,1,1.0
27912,1,1.0
27913,1,1.0
27914,1,0.9999983310699463
27915,1,0.9999843835830688
27916,0,0.9999946355819702
27917,1,1.0
27918,0,0.8895882368087769
27919,0,1.0
27920,1,1.0
27921,0,1.0
27922,0,1.0
27923,0,0.9838029146194458
27924,0,1.0
27925,0,1.0
27926,0,1.0
27927,0,1.0
27928,0,1.0
27929,1,1.0
27930,1,1.0
27931,1,1.0
27932,1,1.0
27933,1,1.0
27934,1,1.0
27935,0,1.0
27936,0,1.0
27937,1,1.0
27938,0,0.9999997615814209
27939,1,1.0
27940,1,1.0
27941,1,1.0
27942,1,1.0
27943,0,1.0
27944,1,0.9999997615814209
27945,1,1.0
27946,0,1.0
27947,1,1.0
27948,1,1.0
27949,0,1.0
27950,0,1.0
27951,1,1.0
27952,1,1.0
27953,0,1.0
27954,1,1.0
27955,0,1.0
27956,0,1.0
27957,1,1.0
27958,1,1.0
27959,1,1.0
27960,1,0.9999992847442627
27961,1,1.0
27962,1,1.0
27963,0,0.9999971389770508
27964,1,1.0
27965,0,1.0
27966,0,1.0
27967,1,1.0
27968,1,1.0
27969,0,1.0
27970,1,1.0
27971,1,1.0
27972,1,1.0
27973,1,1.0
27974,0,1.0
27975,0,1.0
27976,1,1.0
27977,0,1.0
27978,1,1.0
27979,1,1.0
27980,1,1.0
27981,1,0.9999997615814209
27982,0,1.0
27983,1,1.0
27984,1,1.0
27985,1,0.9924801588058472
27986,0,1.0
27987,1,1.0
27988,1,1.0
27989,1,1.0
27990,0,1.0
27991,1,1.0
27992,0,1.0
27993,0,1.0
27994,1,1.0
27995,0,1.0
27996,0,1.0
27997,0,1.0
27998,0,0.9999948740005493
27999,1,1.0
28000,0,1.0
28001,1,1.0
28002,1,1.0
28003,1,1.0
28004,0,1.0
28005,0,0.9999998807907104
28006,1,1.0
28007,0,1.0
28008,1,1.0
28009,1,1.0
28010,1,1.0
28011,1,1.0
28012,0,1.0
28013,0,1.0
28014,1,1.0
28015,0,1.0
28016,0,1.0
28017,0,1.0
28018,0,0.9997105002403259
28019,0,1.0
28020,1,1.0
28021,1,1.0
28022,0,1.0
28023,1,1.0
28024,1,1.0
28025,1,1.0
28026,0,1.0
28027,0,1.0
28028,0,0.9999923706054688
28029,1,1.0
28030,1,1.0
28031,1,1.0
28032,0,0.9999984502792358
28033,1,1.0
28034,0,0.9999998807907104
28035,0,1.0
28036,0,1.0
28037,1,1.0
28038,0,1.0
28039,0,1.0
28040,0,1.0
28041,0,1.0
28042,0,1.0
28043,1,1.0
28044,0,1.0
28045,0,1.0
28046,1,1.0
28047,1,1.0
28048,1,1.0
28049,0,1.0
28050,0,1.0
28051,1,1.0
28052,0,1.0
28053,0,1.0
28054,1,1.0
28055,0,1.0
28056,0,1.0
28057,1,1.0
28058,1,0.9999998807907104
28059,0,1.0
28060,1,1.0
28061,0,1.0
28062,0,1.0
28063,0,1.0
28064,0,0.9999994039535522
28065,1,1.0
28066,0,1.0
28067,1,1.0
28068,1,1.0
28069,1,1.0
28070,0,1.0
28071,0,1.0
28072,0,1.0
28073,1,1.0
28074,0,0.9999754428863525
28075,1,1.0
28076,1,1.0
28077,0,1.0
28078,1,1.0
28079,1,1.0
28080,0,1.0
28081,0,1.0
28082,1,1.0
28083,0,1.0
28084,0,1.0
28085,0,1.0
28086,1,1.0
28087,1,1.0
28088,1,0.9999998807907104
28089,0,1.0
28090,0,1.0
28091,0,1.0
28092,0,1.0
28093,1,1.0
28094,1,1.0
28095,1,1.0
28096,1,1.0
28097,0,1.0
28098,1,1.0
28099,0,1.0
28100,1,1.0
28101,0,1.0
28102,1,1.0
28103,1,1.0
28104,0,1.0
28105,0,1.0
28106,1,1.0
28107,1,1.0
28108,1,1.0
28109,0,1.0
28110,0,1.0
28111,0,1.0
28112,0,1.0
28113,1,1.0
28114,0,0.9999997615814209
28115,0,1.0
28116,0,0.9999998807907104
28117,0,1.0
28118,1,1.0
28119,0,0.9999916553497314
28120,1,1.0
28121,0,1.0
28122,1,1.0
28123,0,1.0
28124,1,1.0
28125,1,1.0
28126,0,0.9999998807907104
28127,0,0.9999251365661621
28128,1,1.0
28129,1,1.0
28130,0,0.9969344139099121
28131,1,1.0
28132,1,1.0
28133,1,1.0
28134,0,1.0
28135,0,1.0
28136,1,1.0
28137,0,1.0
28138,1,1.0
28139,0,0.9999996423721313
28140,1,1.0
28141,0,1.0
28142,0,1.0
28143,1,1.0
28144,1,1.0
28145,1,1.0
28146,1,1.0
28147,0,1.0
28148,0,1.0
28149,1,1.0
28150,1,1.0
28151,1,1.0
28152,0,0.9999997615814209
28153,0,1.0
28154,0,1.0
28155,1,1.0
28156,0,1.0
28157,0,1.0
28158,1,1.0
28159,0,1.0
28160,0,1.0
28161,0,1.0
28162,0,0.9999912977218628
28163,1,1.0
28164,1,1.0
28165,1,1.0
28166,1,1.0
28167,1,1.0
28168,0,1.0
28169,1,1.0
28170,0,0.747505247592926
28171,0,1.0
28172,0,1.0
28173,1,1.0
28174,0,1.0
28175,1,1.0
28176,0,1.0
28177,1,1.0
28178,1,1.0
28179,0,0.9999985694885254
28180,1,1.0
28181,0,1.0
28182,1,1.0
28183,1,1.0
28184,1,1.0
28185,0,1.0
28186,1,1.0
28187,1,1.0
28188,1,1.0
28189,0,1.0
28190,0,1.0
28191,1,1.0
28192,1,1.0
28193,1,1.0
28194,0,0.9999963045120239
28195,1,1.0
28196,1,1.0
28197,1,1.0
28198,0,0.9999988079071045
28199,0,1.0
28200,1,1.0
28201,1,1.0
28202,1,1.0
28203,1,1.0
28204,0,1.0
28205,1,1.0
28206,1,1.0
28207,0,0.9999995231628418
28208,0,0.9999984502792358
28209,1,1.0
28210,1,1.0
28211,0,0.9999994039535522
28212,0,1.0
28213,1,1.0
28214,1,1.0
28215,0,1.0
28216,0,1.0
28217,1,1.0
28218,0,1.0
28219,1,1.0
28220,1,1.0
28221,0,1.0
28222,0,1.0
28223,1,1.0
28224,1,1.0
28225,0,1.0
28226,0,0.9999988079071045
28227,1,1.0
28228,1,1.0
28229,1,1.0
28230,0,1.0
28231,0,1.0
28232,0,1.0
28233,1,1.0
28234,0,1.0
28235,0,1.0
28236,0,0.9999997615814209
28237,0,1.0
28238,1,1.0
28239,0,1.0
28240,1,1.0
28241,1,0.9999897480010986
28242,0,1.0
28243,0,1.0
28244,0,1.0
28245,0,0.9999903440475464
28246,1,1.0
28247,1,0.9999881982803345
28248,1,1.0
28249,1,1.0
28250,0,1.0
28251,1,1.0
28252,1,0.9999998807907104
28253,0,1.0
28254,0,1.0
28255,0,1.0
28256,0,1.0
28257,0,1.0
28258,0,1.0
28259,1,1.0
28260,0,1.0
28261,0,1.0
28262,0,1.0
28263,0,1.0
28264,1,1.0
28265,1,1.0
28266,0,0.9999986886978149
28267,1,1.0
28268,0,1.0
28269,1,1.0
28270,1,1.0
28271,1,1.0
28272,0,1.0
28273,0,1.0
28274,1,0.9999983310699463
28275,0,1.0
28276,0,1.0
28277,0,1.0
28278,0,0.9999998807907104
28279,0,1.0
28280,0,1.0
28281,0,1.0
28282,0,1.0
28283,1,1.0
28284,0,1.0
28285,1,1.0
28286,1,1.0
28287,1,1.0
28288,0,1.0
28289,0,1.0
28290,1,1.0
28291,1,1.0
28292,1,1.0
28293,1,1.0
28294,0,1.0
28295,1,1.0
28296,1,1.0
28297,1,1.0
28298,0,1.0
28299,0,1.0
28300,1,1.0
28301,1,1.0
28302,1,1.0
28303,0,1.0
28304,1,1.0
28305,0,1.0
28306,1,1.0
28307,0,1.0
28308,1,1.0
28309,0,1.0
28310,0,1.0
28311,0,1.0
28312,0,1.0
28313,1,1.0
28314,1,1.0
28315,1,1.0
28316,1,1.0
28317,0,0.9990825653076172
28318,0,1.0
28319,1,1.0
28320,1,1.0
28321,1,1.0
28322,1,1.0
28323,0,1.0
28324,0,0.9996494054794312
28325,0,0.999081015586853
28326,1,1.0
28327,0,1.0
28328,0,1.0
28329,1,0.9998996257781982
28330,1,1.0
28331,0,1.0
28332,0,1.0
28333,0,0.9990173578262329
28334,1,1.0
28335,0,0.7632531523704529
28336,1,1.0
28337,0,0.9999998807907104
28338,1,1.0
28339,1,0.9999998807907104
28340,1,0.9999942779541016
28341,1,1.0
28342,0,1.0
28343,1,1.0
28344,0,1.0
28345,0,1.0
28346,1,1.0
28347,0,1.0
28348,0,1.0
28349,0,0.9999996423721313
28350,0,0.9692167639732361
28351,0,1.0
28352,1,1.0
28353,1,0.9999890327453613
28354,0,1.0
28355,1,1.0
28356,1,1.0
28357,1,1.0
28358,1,0.9999998807907104
28359,0,0.9999949932098389
28360,0,1.0
28361,1,1.0
28362,1,1.0
28363,0,0.9999942779541016
28364,0,1.0
28365,1,1.0
28366,0,1.0
28367,1,1.0
28368,0,1.0
28369,0,1.0
28370,0,1.0
28371,0,0.9999994039535522
28372,0,1.0
28373,1,1.0
28374,0,1.0
28375,1,1.0
28376,0,0.9999926090240479
28377,1,1.0
28378,1,1.0
28379,1,1.0
28380,1,0.9999998807907104
28381,0,1.0
28382,1,1.0
28383,0,1.0
28384,1,1.0
28385,1,1.0
28386,1,1.0
28387,1,1.0
28388,1,1.0
28389,0,1.0
28390,0,0.9999998807907104
28391,1,1.0
28392,0,1.0
28393,0,1.0
28394,0,1.0
28395,1,1.0
28396,1,1.0
28397,1,1.0
28398,0,0.9993417859077454
28399,1,1.0
28400,0,1.0
28401,1,1.0
28402,1,1.0
28403,1,1.0
28404,0,1.0
28405,1,0.9999998807907104
28406,0,1.0
28407,0,1.0
28408,0,0.9999996423721313
28409,0,1.0
28410,0,0.9999997615814209
28411,0,1.0
28412,1,1.0
28413,0,1.0
28414,0,1.0
28415,1,1.0
28416,1,1.0
28417,0,1.0
28418,1,0.9999998807907104
28419,1,1.0
28420,0,1.0
28421,0,0.9999995231628418
28422,1,1.0
28423,0,0.9999804496765137
28424,0,0.9999997615814209
28425,0,1.0
28426,1,1.0
28427,1,1.0
28428,1,1.0
28429,1,1.0
28430,1,1.0
28431,1,1.0
28432,0,1.0
28433,1,1.0
28434,0,1.0
28435,1,1.0
28436,1,1.0
28437,0,1.0
28438,1,1.0
28439,0,0.9999995231628418
28440,1,1.0
28441,1,0.9996119141578674
28442,1,1.0
28443,0,0.999998927116394
28444,1,1.0
28445,0,1.0
28446,1,1.0
28447,0,1.0
28448,0,1.0
28449,0,1.0
28450,1,1.0
28451,1,1.0
28452,0,1.0
28453,1,1.0
28454,1,1.0
28455,0,0.9999998807907104
28456,0,1.0
28457,0,1.0
28458,0,1.0
28459,0,1.0
28460,0,0.9999443292617798
28461,0,1.0
28462,1,1.0
28463,1,0.9954113364219666
28464,1,1.0
28465,0,1.0
28466,0,0.9982205033302307
28467,1,1.0
28468,1,1.0
28469,1,1.0
28470,0,0.9999992847442627
28471,1,1.0
28472,1,0.9999997615814209
28473,0,1.0
28474,1,1.0
28475,0,1.0
28476,0,0.996039628982544
28477,0,1.0
28478,0,0.9999983310699463
28479,0,1.0
28480,0,1.0
28481,0,1.0
28482,1,1.0
28483,0,1.0
28484,1,1.0
28485,0,1.0
28486,1,1.0
28487,0,1.0
28488,0,1.0
28489,1,1.0
28490,1,1.0
28491,1,1.0
28492,0,1.0
28493,1,0.9999998807907104
28494,1,0.9999998807907104
28495,1,1.0
28496,1,1.0
28497,0,1.0
28498,1,1.0
28499,1,1.0
28500,1,1.0
28501,0,1.0
28502,0,0.9999990463256836
28503,1,1.0
28504,1,1.0
28505,1,1.0
28506,1,0.999998927116394
28507,0,1.0
28508,0,1.0
28509,0,1.0
28510,1,1.0
28511,0,1.0
28512,1,1.0
28513,0,1.0
28514,1,1.0
28515,0,1.0
28516,0,0.999997615814209
28517,1,1.0
28518,1,1.0
28519,0,1.0
28520,1,0.9999991655349731
28521,0,1.0
28522,0,1.0
28523,1,1.0
28524,1,1.0
28525,0,1.0
28526,1,1.0
28527,0,0.9999998807907104
28528,0,1.0
28529,1,1.0
28530,0,1.0
28531,0,1.0
28532,1,1.0
28533,0,1.0
28534,1,1.0
28535,1,1.0
28536,1,1.0
28537,0,1.0
28538,1,0.9999998807907104
28539,1,1.0
28540,1,1.0
28541,0,1.0
28542,1,1.0
28543,1,1.0
28544,1,0.9999997615814209
28545,1,1.0
28546,0,1.0
28547,1,0.9999996423721313
28548,1,0.9999997615814209
28549,1,1.0
28550,1,1.0
28551,1,1.0
28552,0,0.9999988079071045
28553,1,1.0
28554,0,0.9999641180038452
28555,0,1.0
28556,1,1.0
28557,1,1.0
28558,0,1.0
28559,0,0.9965379238128662
28560,1,1.0
28561,1,1.0
28562,0,1.0
28563,0,0.9982954859733582
28564,0,1.0
28565,1,1.0
28566,0,1.0
28567,1,1.0
28568,1,1.0
28569,1,1.0
28570,1,1.0
28571,1,1.0
28572,1,1.0
28573,1,1.0
28574,0,1.0
28575,1,0.8582130074501038
28576,0,1.0
28577,0,1.0
28578,1,0.9999997615814209
28579,1,1.0
28580,1,1.0
28581,1,1.0
28582,0,1.0
28583,1,0.9999688863754272
28584,0,1.0
28585,0,1.0
28586,0,0.9999997615814209
28587,0,1.0
28588,1,1.0
28589,0,0.9974205493927002
28590,1,0.9999998807907104
28591,0,1.0
28592,0,1.0
28593,1,1.0
28594,0,1.0
28595,1,1.0
28596,0,1.0
28597,0,1.0
28598,0,1.0
28599,1,0.9773624539375305
28600,0,1.0
28601,0,1.0
28602,1,1.0
28603,0,1.0
28604,1,1.0
28605,0,1.0
28606,0,1.0
28607,1,1.0
28608,1,1.0
28609,1,1.0
28610,1,1.0
28611,0,1.0
28612,1,1.0
28613,1,1.0
28614,0,1.0
28615,0,0.9999903440475464
28616,1,1.0
28617,1,1.0
28618,1,1.0
28619,0,1.0
28620,0,1.0
28621,1,1.0
28622,0,1.0
28623,0,1.0
28624,1,1.0
28625,0,1.0
28626,1,1.0
28627,0,1.0
28628,0,1.0
28629,1,1.0
28630,0,1.0
28631,0,1.0
28632,0,1.0
28633,0,1.0
28634,1,1.0
28635,0,1.0
28636,1,1.0
28637,1,1.0
28638,0,1.0
28639,0,1.0
28640,1,1.0
28641,0,1.0
28642,0,1.0
28643,1,1.0
28644,1,1.0
28645,1,1.0
28646,1,1.0
28647,1,1.0
28648,1,1.0
28649,0,1.0
28650,0,1.0
28651,1,1.0
28652,0,1.0
28653,0,1.0
28654,1,1.0
28655,0,1.0
28656,1,1.0
28657,0,1.0
28658,0,1.0
28659,1,1.0
28660,0,1.0
28661,1,1.0
28662,0,1.0
28663,1,1.0
28664,1,0.9999926090240479
28665,0,0.9999995231628418
28666,0,0.9999986886978149
28667,0,1.0
28668,1,1.0
28669,0,0.9127418398857117
28670,1,1.0
28671,1,1.0
28672,1,1.0
28673,0,1.0
28674,0,0.9999946355819702
28675,1,1.0
28676,1,0.9999995231628418
28677,0,1.0
28678,1,1.0
28679,1,1.0
28680,1,1.0
28681,1,1.0
28682,0,1.0
28683,1,1.0
28684,1,1.0
28685,1,1.0
28686,0,1.0
28687,1,1.0
28688,0,0.9999986886978149
28689,0,1.0
28690,1,1.0
28691,1,1.0
28692,1,1.0
28693,1,1.0
28694,0,1.0
28695,0,1.0
28696,0,1.0
28697,0,0.9555703401565552
28698,1,1.0
28699,0,1.0
28700,1,1.0
28701,0,1.0
28702,1,1.0
28703,1,1.0
28704,0,1.0
28705,0,1.0
28706,0,1.0
28707,0,0.9994547963142395
28708,1,1.0
28709,0,0.9890440702438354
28710,0,1.0
28711,0,1.0
28712,0,0.9999998807907104
28713,1,1.0
28714,0,1.0
28715,0,1.0
28716,0,1.0
28717,0,1.0
28718,0,1.0
28719,0,1.0
28720,1,1.0
28721,1,1.0
28722,0,0.9999994039535522
28723,0,1.0
28724,1,1.0
28725,0,0.9999550580978394
28726,1,1.0
28727,1,1.0
28728,1,1.0
28729,1,1.0
28730,0,1.0
28731,1,1.0
28732,1,1.0
28733,1,1.0
28734,0,0.9999960660934448
28735,0,1.0
28736,0,1.0
28737,1,1.0
28738,1,1.0
28739,0,1.0
28740,0,1.0
28741,0,1.0
28742,0,1.0
28743,0,1.0
28744,1,1.0
28745,0,0.9999959468841553
28746,0,1.0
28747,1,1.0
28748,1,1.0
28749,1,1.0
28750,1,1.0
28751,0,1.0
28752,0,1.0
28753,0,0.9999966621398926
28754,0,1.0
28755,0,1.0
28756,0,1.0
28757,1,1.0
28758,1,1.0
28759,1,1.0
28760,0,1.0
28761,1,1.0
28762,1,1.0
28763,0,0.9248914122581482
28764,0,1.0
28765,0,0.9999953508377075
28766,0,1.0
28767,1,1.0
28768,1,1.0
28769,1,1.0
28770,1,1.0
28771,1,1.0
28772,1,1.0
28773,1,1.0
28774,0,1.0
28775,0,1.0
28776,0,0.9999980926513672
28777,1,1.0
28778,1,1.0
28779,0,1.0
28780,0,0.9988105297088623
28781,1,1.0
28782,0,1.0
28783,0,1.0
28784,0,1.0
28785,1,1.0
28786,1,1.0
28787,0,1.0
28788,1,1.0
28789,0,0.9999996423721313
28790,0,1.0
28791,0,0.999955415725708
28792,1,1.0
28793,1,1.0
28794,0,1.0
28795,0,0.9999992847442627
28796,1,1.0
28797,0,0.9999991655349731
28798,1,1.0
28799,1,1.0
28800,1,1.0
28801,1,1.0
28802,0,0.9999997615814209
28803,1,1.0
28804,0,1.0
28805,0,1.0
28806,0,1.0
28807,1,0.9999997615814209
28808,1,1.0
28809,1,1.0
28810,0,1.0
28811,1,1.0
28812,1,1.0
28813,1,1.0
28814,0,1.0
28815,0,1.0
28816,0,1.0
28817,1,1.0
28818,0,1.0
28819,1,1.0
28820,1,1.0
28821,0,1.0
28822,0,1.0
28823,1,0.999988317489624
28824,1,1.0
28825,1,1.0
28826,0,0.9999998807907104
28827,1,1.0
28828,0,1.0
28829,0,1.0
28830,1,1.0
28831,1,1.0
28832,1,1.0
28833,1,1.0
28834,0,1.0
28835,0,1.0
28836,0,1.0
28837,0,1.0
28838,1,1.0
28839,0,1.0
28840,1,1.0
28841,0,1.0
28842,0,1.0
28843,0,1.0
28844,0,1.0
28845,0,1.0
28846,0,1.0
28847,1,1.0
28848,1,1.0
28849,0,0.9999998807907104
28850,1,1.0
28851,0,1.0
28852,0,1.0
28853,0,1.0
28854,0,1.0
28855,1,1.0
28856,0,0.9999996423721313
28857,1,1.0
28858,0,1.0
28859,0,1.0
28860,0,1.0
28861,1,1.0
28862,1,1.0
28863,0,1.0
28864,1,1.0
28865,1,1.0
28866,0,1.0
28867,1,1.0
28868,1,1.0
28869,1,1.0
28870,0,1.0
28871,1,1.0
28872,0,1.0
28873,1,1.0
28874,0,1.0
28875,1,1.0
28876,0,1.0
28877,1,1.0
28878,0,1.0
28879,1,1.0
28880,1,1.0
28881,0,0.9999998807907104
28882,0,1.0
28883,1,1.0
28884,1,0.9999932050704956
28885,1,1.0
28886,0,0.9999998807907104
28887,0,1.0
28888,0,1.0
28889,0,1.0
28890,0,1.0
28891,1,1.0
28892,1,1.0
28893,0,0.9999998807907104
28894,0,1.0
28895,0,1.0
28896,0,1.0
28897,1,1.0
28898,0,1.0
28899,1,1.0
28900,1,1.0
28901,0,1.0
28902,1,1.0
28903,0,0.9999998807907104
28904,1,1.0
28905,1,1.0
28906,1,1.0
28907,1,1.0
28908,1,1.0
28909,1,1.0
28910,1,1.0
28911,0,1.0
28912,0,1.0
28913,0,0.9999996423721313
28914,1,1.0
28915,1,1.0
28916,1,0.9999998807907104
28917,1,1.0
28918,0,1.0
28919,0,1.0
28920,1,1.0
28921,0,1.0
28922,0,1.0
28923,1,1.0
28924,0,0.9969606995582581
28925,0,1.0
28926,0,0.9999991655349731
28927,0,1.0
28928,1,1.0
28929,1,1.0
28930,0,1.0
28931,0,1.0
28932,1,1.0
28933,1,0.9999997615814209
28934,1,1.0
28935,0,0.9999735355377197
28936,0,1.0
28937,1,1.0
28938,1,1.0
28939,1,0.9999995231628418
28940,1,1.0
28941,0,0.9995906949043274
28942,0,1.0
28943,0,0.9999939203262329
28944,0,1.0
28945,0,1.0
28946,1,1.0
28947,1,0.9999997615814209
28948,1,1.0
28949,1,1.0
28950,0,1.0
28951,0,1.0
28952,0,1.0
28953,0,1.0
28954,1,1.0
28955,0,1.0
28956,1,1.0
28957,0,1.0
28958,0,0.9990192651748657
28959,1,1.0
28960,1,1.0
28961,0,1.0
28962,1,1.0
28963,1,1.0
28964,1,0.9999936819076538
28965,0,1.0
28966,1,1.0
28967,0,1.0
28968,1,1.0
28969,1,1.0
28970,1,1.0
28971,1,1.0
28972,0,1.0
28973,0,0.9999998807907104
28974,1,1.0
28975,1,1.0
28976,0,1.0
28977,1,1.0
28978,0,1.0
28979,1,1.0
28980,1,1.0
28981,1,1.0
28982,1,1.0
28983,0,1.0
28984,1,1.0
28985,0,1.0
28986,0,1.0
28987,0,1.0
28988,0,1.0
28989,0,1.0
28990,0,0.9999991655349731
28991,0,1.0
28992,1,1.0
28993,1,0.9999980926513672
28994,0,0.9999998807907104
28995,0,1.0
28996,1,1.0
28997,1,0.9999997615814209
28998,1,1.0
28999,0,1.0
29000,1,1.0
29001,0,1.0
29002,1,1.0
29003,0,1.0
29004,0,1.0
29005,1,0.999794065952301
29006,1,1.0
29007,1,1.0
29008,1,1.0
29009,1,1.0
29010,1,1.0
29011,0,1.0
29012,0,0.999969482421875
29013,0,1.0
29014,1,0.9999998807907104
29015,0,0.9999998807907104
29016,1,1.0
29017,1,1.0
29018,0,0.9999991655349731
29019,0,0.9999997615814209
29020,1,1.0
29021,1,1.0
29022,0,1.0
29023,1,1.0
29024,1,1.0
29025,1,1.0
29026,1,1.0
29027,0,1.0
29028,0,1.0
29029,0,1.0
29030,1,1.0
29031,0,1.0
29032,0,1.0
29033,0,0.9999977350234985
29034,1,1.0
29035,0,0.9999998807907104
29036,0,0.9982302784919739
29037,1,1.0
29038,0,1.0
29039,0,0.9999966621398926
29040,0,1.0
29041,0,1.0
29042,1,1.0
29043,0,0.9999998807907104
29044,1,1.0
29045,1,1.0
29046,1,1.0
29047,1,1.0
29048,0,1.0
29049,1,1.0
29050,0,1.0
29051,0,1.0
29052,1,1.0
29053,1,1.0
29054,0,1.0
29055,1,1.0
29056,1,1.0
29057,0,1.0
29058,0,0.9999995231628418
29059,0,1.0
29060,1,1.0
29061,0,1.0
29062,0,1.0
29063,1,1.0
29064,1,1.0
29065,1,1.0
29066,1,1.0
29067,1,1.0
29068,0,1.0
29069,0,1.0
29070,1,1.0
29071,1,1.0
29072,0,1.0
29073,0,1.0
29074,0,1.0
29075,1,1.0
29076,0,0.9999998807907104
29077,0,1.0
29078,0,1.0
29079,1,1.0
29080,0,0.9999436140060425
29081,0,1.0
29082,0,1.0
29083,0,0.9999986886978149
29084,0,1.0
29085,0,1.0
29086,1,1.0
29087,1,1.0
29088,1,1.0
29089,1,1.0
29090,1,1.0
29091,0,1.0
29092,1,1.0
29093,0,1.0
29094,1,1.0
29095,1,1.0
29096,0,1.0
29097,1,1.0
29098,1,1.0
29099,0,1.0
29100,1,1.0
29101,1,1.0
29102,0,1.0
29103,0,1.0
29104,1,1.0
29105,0,1.0
29106,0,1.0
29107,0,1.0
29108,0,0.998050332069397
29109,0,1.0
29110,1,1.0
29111,1,1.0
29112,1,0.9999899864196777
29113,0,1.0
29114,1,1.0
29115,1,1.0
29116,0,1.0
29117,1,1.0
29118,1,1.0
29119,1,0.9999996423721313
29120,1,1.0
29121,0,1.0
29122,1,1.0
29123,1,1.0
29124,0,1.0
29125,0,1.0
29126,1,1.0
29127,1,1.0
29128,0,0.9999998807907104
29129,1,0.9999998807907104
29130,0,1.0
29131,0,1.0
29132,1,1.0
29133,1,1.0
29134,1,1.0
29135,1,1.0
29136,1,1.0
29137,0,0.9999996423721313
29138,0,1.0
29139,0,1.0
29140,1,0.9999992847442627
29141,0,0.9824506640434265
29142,1,1.0
29143,0,1.0
29144,1,1.0
29145,0,0.9999974966049194
29146,0,0.9999333620071411
29147,1,1.0
29148,0,1.0
29149,0,1.0
29150,0,1.0
29151,1,0.9999988079071045
29152,1,1.0
29153,1,1.0
29154,0,1.0
29155,0,1.0
29156,1,1.0
29157,0,1.0
29158,0,1.0
29159,1,1.0
29160,0,1.0
29161,1,1.0
29162,1,1.0
29163,0,1.0
29164,0,1.0
29165,0,1.0
29166,1,1.0
29167,1,1.0
29168,1,1.0
29169,0,0.9999995231628418
29170,1,1.0
29171,1,1.0
29172,1,1.0
29173,0,1.0
29174,0,1.0
29175,1,0.9999973773956299
29176,1,1.0
29177,0,1.0
29178,0,1.0
29179,1,1.0
29180,1,1.0
29181,1,1.0
29182,1,1.0
29183,0,1.0
29184,1,1.0
29185,1,1.0
29186,0,1.0
29187,1,0.9998645782470703
29188,0,0.9999992847442627
29189,0,1.0
29190,0,1.0
29191,0,1.0
29192,1,1.0
29193,0,1.0
29194,1,0.9999855756759644
29195,0,0.9999614953994751
29196,1,1.0
29197,1,0.999997615814209
29198,1,1.0
29199,1,1.0
29200,1,1.0
29201,1,1.0
29202,1,1.0
29203,0,1.0
29204,1,1.0
29205,0,1.0
29206,0,1.0
29207,1,1.0
29208,0,1.0
29209,0,1.0
29210,0,0.9977577328681946
29211,1,1.0
29212,0,0.9999489784240723
29213,1,1.0
29214,1,1.0
29215,1,1.0
29216,1,1.0
29217,1,1.0
29218,1,1.0
29219,0,1.0
29220,1,1.0
29221,1,1.0
29222,0,1.0
29223,0,1.0
29224,0,1.0
29225,0,1.0
29226,1,1.0
29227,0,1.0
29228,0,1.0
29229,0,1.0
29230,1,1.0
29231,1,1.0
29232,0,0.9999997615814209
29233,1,1.0
29234,1,1.0
29235,0,0.9999996423721313
29236,0,1.0
29237,0,1.0
29238,1,1.0
29239,1,0.9999998807907104
29240,0,1.0
29241,1,1.0
29242,0,1.0
29243,0,1.0
29244,1,1.0
29245,1,1.0
29246,1,1.0
29247,1,1.0
29248,0,1.0
29249,0,1.0
29250,0,1.0
29251,1,1.0
29252,1,1.0
29253,0,0.9999972581863403
29254,1,1.0
29255,0,1.0
29256,0,1.0
29257,1,1.0
29258,1,1.0
29259,0,1.0
29260,0,1.0
29261,1,1.0
29262,0,0.9997801184654236
29263,0,0.9999464750289917
29264,1,1.0
29265,0,1.0
29266,1,1.0
29267,0,0.9999997615814209
29268,0,0.9999996423721313
29269,0,1.0
29270,1,0.9999985694885254
29271,1,1.0
29272,1,1.0
29273,1,1.0
29274,0,1.0
29275,0,1.0
29276,1,1.0
29277,1,1.0
29278,1,1.0
29279,0,1.0
29280,1,1.0
29281,0,1.0
29282,1,1.0
29283,0,1.0
29284,1,0.9999996423721313
29285,0,1.0
29286,1,1.0
29287,0,1.0
29288,0,1.0
29289,0,1.0
29290,0,1.0
29291,0,1.0
29292,0,1.0
29293,0,1.0
29294,0,1.0
29295,1,0.9999938011169434
29296,1,1.0
29297,0,1.0
29298,0,1.0
29299,1,1.0
29300,1,1.0
29301,0,1.0
29302,1,1.0
29303,0,0.9999994039535522
29304,0,1.0
29305,1,1.0
29306,1,1.0
29307,0,1.0
29308,0,1.0
29309,0,0.9999268054962158
29310,1,1.0
29311,1,1.0
29312,0,1.0
29313,1,1.0
29314,1,1.0
29315,0,0.9999998807907104
29316,0,0.9999998807907104
29317,0,1.0
29318,1,1.0
29319,0,1.0
29320,0,1.0
29321,0,0.9999980926513672
29322,0,1.0
29323,0,1.0
29324,1,0.6822839975357056
29325,1,1.0
29326,1,1.0
29327,0,1.0
29328,1,1.0
29329,0,1.0
29330,1,1.0
29331,0,1.0
29332,0,1.0
29333,0,0.9999998807907104
29334,1,1.0
29335,0,0.9999860525131226
29336,0,1.0
29337,0,1.0
29338,1,1.0
29339,0,1.0
29340,0,0.9972671270370483
29341,0,1.0
29342,1,1.0
29343,1,1.0
29344,0,1.0
29345,1,0.9999995231628418
29346,0,1.0
29347,0,1.0
29348,1,1.0
29349,1,1.0
29350,1,1.0
29351,0,1.0
29352,0,0.9999998807907104
29353,0,1.0
29354,0,0.9999998807907104
29355,1,0.9999986886978149
29356,1,1.0
29357,1,1.0
29358,0,1.0
29359,1,0.9999959468841553
29360,1,1.0
29361,1,1.0
29362,0,1.0
29363,1,1.0
29364,0,1.0
29365,1,0.999992847442627
29366,0,1.0
29367,0,1.0
29368,0,0.9999951124191284
29369,1,1.0
29370,0,0.999998927116394
29371,1,1.0
29372,1,1.0
29373,1,1.0
29374,0,1.0
29375,1,1.0
29376,1,1.0
29377,1,1.0
29378,0,1.0
29379,0,1.0
29380,1,1.0
29381,0,0.9932286739349365
29382,0,1.0
29383,0,1.0
29384,0,1.0
29385,1,1.0
29386,0,1.0
29387,1,1.0
29388,1,1.0
29389,1,1.0
29390,1,1.0
29391,1,1.0
29392,1,1.0
29393,0,1.0
29394,1,1.0
29395,1,1.0
29396,1,1.0
29397,0,1.0
29398,1,1.0
29399,0,1.0
29400,0,1.0
29401,1,1.0
29402,1,1.0
29403,0,1.0
29404,1,1.0
29405,1,1.0
29406,1,1.0
29407,0,1.0
29408,0,1.0
29409,0,1.0
29410,1,1.0
29411,1,0.9999701976776123
29412,1,1.0
29413,1,1.0
29414,1,1.0
29415,1,1.0
29416,0,1.0
29417,0,1.0
29418,0,0.9999982118606567
29419,0,0.999944806098938
29420,1,1.0
29421,0,1.0
29422,0,0.9999997615814209
29423,0,1.0
29424,0,1.0
29425,1,1.0
29426,1,1.0
29427,0,1.0
29428,1,1.0
29429,1,1.0
29430,1,1.0
29431,1,1.0
29432,1,1.0
29433,0,1.0
29434,0,1.0
29435,0,0.9999934434890747
29436,1,0.9999676942825317
29437,0,1.0
29438,0,1.0
29439,1,1.0
29440,0,1.0
29441,0,1.0
29442,0,0.9404730796813965
29443,0,1.0
29444,0,1.0
29445,0,1.0
29446,0,1.0
29447,1,1.0
29448,1,1.0
29449,1,1.0
29450,1,1.0
29451,0,1.0
29452,1,1.0
29453,0,1.0
29454,1,1.0
29455,0,1.0
29456,1,1.0
29457,1,1.0
29458,1,1.0
29459,0,1.0
29460,1,1.0
29461,0,1.0
29462,0,1.0
29463,1,1.0
29464,0,1.0
29465,1,1.0
29466,1,1.0
29467,0,1.0
29468,0,0.9999760389328003
29469,1,1.0
29470,0,1.0
29471,1,1.0
29472,1,1.0
29473,1,1.0
29474,1,1.0
29475,0,1.0
29476,1,1.0
29477,1,1.0
29478,0,1.0
29479,0,1.0
29480,0,0.9999991655349731
29481,1,1.0
29482,0,0.9999998807907104
29483,1,1.0
29484,1,1.0
29485,1,1.0
29486,0,1.0
29487,0,0.9999940395355225
29488,0,1.0
29489,0,1.0
29490,1,1.0
29491,1,1.0
29492,1,0.9998681545257568
29493,1,1.0
29494,1,1.0
29495,1,1.0
29496,0,1.0
29497,0,1.0
29498,1,1.0
29499,0,1.0
29500,1,1.0
29501,1,0.9999756813049316
29502,1,1.0
29503,0,1.0
29504,0,1.0
29505,1,1.0
29506,0,1.0
29507,0,1.0
29508,0,0.9972689747810364
29509,0,1.0
29510,0,0.9999998807907104
29511,1,0.9994097948074341
29512,1,1.0
29513,0,1.0
29514,0,0.9999996423721313
29515,0,1.0
29516,0,1.0
29517,0,1.0
29518,0,1.0
29519,0,1.0
29520,1,1.0
29521,1,0.9999994039535522
29522,1,1.0
29523,1,1.0
29524,1,1.0
29525,1,1.0
29526,0,1.0
29527,0,0.9999984502792358
29528,0,1.0
29529,0,1.0
29530,1,0.9999998807907104
29531,0,1.0
29532,1,0.999998927116394
29533,1,1.0
29534,1,1.0
29535,1,0.9999967813491821
29536,0,0.9999997615814209
29537,0,1.0
29538,0,1.0
29539,1,1.0
29540,1,1.0
29541,0,1.0
29542,0,1.0
29543,0,1.0
29544,0,1.0
29545,1,1.0
29546,0,1.0
29547,1,1.0
29548,0,1.0
29549,0,1.0
29550,0,1.0
29551,1,1.0
29552,0,1.0
29553,1,1.0
29554,1,1.0
29555,1,1.0
29556,0,1.0
29557,0,1.0
29558,0,1.0
29559,0,1.0
29560,1,1.0
29561,0,0.9999855756759644
29562,1,1.0
29563,0,1.0
29564,1,1.0
29565,1,1.0
29566,0,1.0
29567,0,0.9999998807907104
29568,0,1.0
29569,0,1.0
29570,0,0.9996517896652222
29571,0,1.0
29572,0,1.0
29573,0,0.9999966621398926
29574,1,0.999998927116394
29575,1,1.0
29576,1,0.9999998807907104
29577,1,1.0
29578,1,1.0
29579,0,1.0
29580,0,1.0
29581,1,1.0
29582,0,1.0
29583,1,1.0
29584,0,1.0
29585,0,1.0
29586,0,1.0
29587,0,1.0
29588,1,1.0
29589,1,1.0
29590,1,1.0
29591,0,1.0
29592,0,0.9999997615814209
29593,0,1.0
29594,0,1.0
29595,1,1.0
29596,0,1.0
29597,0,1.0
29598,0,0.9983023405075073
29599,1,1.0
29600,1,1.0
29601,0,1.0
29602,1,1.0
29603,0,1.0
29604,0,1.0
29605,1,1.0
29606,1,1.0
29607,0,1.0
29608,0,0.9999996423721313
29609,0,1.0
29610,1,1.0
29611,0,1.0
29612,0,0.9999626874923706
29613,1,0.9997817873954773
29614,0,1.0
29615,0,1.0
29616,1,1.0
29617,0,0.999998927116394
29618,1,1.0
29619,0,1.0
29620,1,1.0
29621,1,0.9999997615814209
29622,1,1.0
29623,0,0.9999998807907104
29624,0,1.0
29625,1,1.0
29626,1,1.0
29627,1,1.0
29628,1,1.0
29629,1,1.0
29630,1,1.0
29631,0,1.0
29632,0,1.0
29633,0,1.0
29634,0,1.0
29635,1,1.0
29636,1,1.0
29637,0,1.0
29638,1,1.0
29639,0,0.9883852005004883
29640,0,1.0
29641,1,1.0
29642,1,1.0
29643,0,1.0
29644,1,1.0
29645,1,1.0
29646,0,1.0
29647,0,1.0
29648,0,1.0
29649,0,1.0
29650,0,1.0
29651,0,1.0
29652,0,0.9999996423721313
29653,0,1.0
29654,0,1.0
29655,0,1.0
29656,1,1.0
29657,0,1.0
29658,1,1.0
29659,0,1.0
29660,0,1.0
29661,0,0.9999960660934448
29662,0,0.9999955892562866
29663,1,1.0
29664,1,1.0
29665,0,1.0
29666,1,1.0
29667,0,0.9999991655349731
29668,0,1.0
29669,1,1.0
29670,1,1.0
29671,0,1.0
29672,0,1.0
29673,0,1.0
29674,1,1.0
29675,1,1.0
29676,0,1.0
29677,1,1.0
29678,1,1.0
29679,1,1.0
29680,0,0.9999475479125977
29681,1,1.0
29682,0,1.0
29683,0,1.0
29684,0,0.9999997615814209
29685,1,1.0
29686,1,1.0
29687,1,1.0
29688,0,1.0
29689,1,1.0
29690,1,1.0
29691,1,0.9995299577713013
29692,0,1.0
29693,0,1.0
29694,0,1.0
29695,1,0.9999992847442627
29696,1,1.0
29697,1,1.0
29698,0,1.0
29699,1,1.0
29700,1,1.0
29701,0,1.0
29702,1,1.0
29703,1,1.0
29704,1,0.9999494552612305
29705,0,1.0
29706,1,1.0
29707,0,0.9996902942657471
29708,1,1.0
29709,1,1.0
29710,0,0.9999998807907104
29711,0,1.0
29712,1,1.0
29713,0,1.0
29714,1,1.0
29715,0,1.0
29716,0,1.0
29717,0,1.0
29718,0,1.0
29719,0,0.9999991655349731
29720,0,1.0
29721,0,0.9999991655349731
29722,1,1.0
29723,1,1.0
29724,1,1.0
29725,0,1.0
29726,1,1.0
29727,1,0.9999996423721313
29728,1,1.0
29729,1,1.0
29730,0,1.0
29731,0,1.0
29732,0,0.9999939203262329
29733,0,1.0
29734,1,1.0
29735,1,1.0
29736,0,1.0
29737,1,1.0
29738,1,1.0
29739,0,1.0
29740,0,1.0
29741,0,1.0
29742,0,0.9999707937240601
29743,1,0.99996018409729
29744,0,1.0
29745,0,1.0
29746,0,1.0
29747,1,1.0
29748,0,1.0
29749,1,1.0
29750,0,1.0
29751,0,0.9999735355377197
29752,1,1.0
29753,1,1.0
29754,0,1.0
29755,0,0.9999997615814209
29756,1,1.0
29757,1,1.0
29758,0,1.0
29759,0,1.0
29760,1,1.0
29761,0,1.0
29762,0,1.0
29763,1,1.0
29764,0,1.0
29765,1,1.0
29766,0,0.9999747276306152
29767,1,1.0
29768,0,1.0
29769,1,1.0
29770,0,1.0
29771,0,1.0
29772,1,1.0
29773,1,1.0
29774,1,1.0
29775,1,1.0
29776,1,1.0
29777,1,1.0
29778,0,0.9999967813491821
29779,0,1.0
29780,1,1.0
29781,1,1.0
29782,1,1.0
29783,0,1.0
29784,1,1.0
29785,1,1.0
29786,0,1.0
29787,0,1.0
29788,0,1.0
29789,0,1.0
29790,1,1.0
29791,1,1.0
29792,1,1.0
29793,0,1.0
29794,0,1.0
29795,0,1.0
29796,0,0.9999567270278931
29797,1,1.0
29798,1,1.0
29799,1,1.0
29800,1,1.0
29801,0,1.0
29802,1,1.0
29803,0,1.0
29804,1,1.0
29805,1,1.0
29806,1,1.0
29807,1,1.0
29808,1,1.0
29809,0,1.0
29810,1,1.0
29811,1,1.0
29812,1,1.0
29813,1,1.0
29814,0,1.0
29815,0,0.9999991655349731
29816,1,1.0
29817,1,1.0
29818,0,1.0
29819,1,1.0
29820,0,1.0
29821,0,0.9999997615814209
29822,1,1.0
29823,1,1.0
29824,0,1.0
29825,1,1.0
29826,1,1.0
29827,1,0.999961256980896
29828,0,1.0
29829,1,1.0
29830,0,1.0
29831,0,1.0
29832,1,1.0
29833,1,0.9999998807907104
29834,0,1.0
29835,0,0.9999988079071045
29836,0,1.0
29837,0,0.9999954700469971
29838,0,1.0
29839,0,1.0
29840,1,1.0
29841,1,1.0
29842,0,1.0
29843,0,0.9999998807907104
29844,1,1.0
29845,1,1.0
29846,1,1.0
29847,1,1.0
29848,1,1.0
29849,1,1.0
29850,0,1.0
29851,0,1.0
29852,0,1.0
29853,0,1.0
29854,0,1.0
29855,1,1.0
29856,1,1.0
29857,0,1.0
29858,1,1.0
29859,1,1.0
29860,1,1.0
29861,1,1.0
29862,1,1.0
29863,1,1.0
29864,1,1.0
29865,1,1.0
29866,1,1.0
29867,0,1.0
29868,0,1.0
29869,1,1.0
29870,0,0.9999988079071045
29871,0,0.9999830722808838
29872,1,1.0
29873,0,0.9999998807907104
29874,1,1.0
29875,0,1.0
29876,1,1.0
29877,0,1.0
29878,0,0.9997084736824036
29879,1,1.0
29880,0,1.0
29881,1,1.0
29882,1,1.0
29883,0,1.0
29884,1,1.0
29885,0,1.0
29886,1,1.0
29887,0,1.0
29888,0,1.0
29889,0,1.0
29890,0,1.0
29891,0,1.0
29892,1,1.0
29893,0,1.0
29894,0,1.0
29895,0,1.0
29896,0,0.9999998807907104
29897,0,1.0
29898,0,1.0
29899,1,1.0
29900,0,1.0
29901,1,1.0
29902,0,0.9999531507492065
29903,1,1.0
29904,0,1.0
29905,1,1.0
29906,1,1.0
29907,1,1.0
29908,1,0.9999998807907104
29909,0,1.0
29910,1,1.0
29911,0,1.0
29912,1,1.0
29913,1,1.0
29914,1,1.0
29915,0,1.0
29916,1,1.0
29917,0,1.0
29918,0,1.0
29919,0,1.0
29920,1,1.0
29921,1,1.0
29922,0,1.0
29923,1,1.0
29924,0,1.0
29925,0,1.0
29926,0,1.0
29927,1,1.0
29928,1,1.0
29929,0,1.0
29930,1,1.0
29931,1,1.0
29932,1,1.0
29933,0,1.0
29934,1,1.0
29935,1,0.9999995231628418
29936,0,1.0
29937,0,1.0
29938,1,0.9999982118606567
29939,0,1.0
29940,1,1.0
29941,0,1.0
29942,1,1.0
29943,0,0.9997265934944153
29944,1,1.0
29945,1,1.0
29946,1,1.0
29947,1,1.0
29948,0,1.0
29949,0,1.0
29950,1,1.0
29951,0,0.9999722242355347
29952,0,1.0
29953,0,1.0
29954,1,1.0
29955,0,1.0
29956,0,0.9999997615814209
29957,0,1.0
29958,1,1.0
29959,0,1.0
29960,0,0.9998149275779724
29961,1,1.0
29962,0,0.9999995231628418
29963,1,1.0
29964,0,1.0
29965,1,1.0
29966,1,1.0
29967,0,1.0
29968,0,1.0
29969,0,1.0
29970,0,0.9999997615814209
29971,1,1.0
29972,1,1.0
29973,1,1.0
29974,1,1.0
29975,0,1.0
29976,1,1.0
29977,1,1.0
29978,1,1.0
29979,0,1.0
29980,1,1.0
29981,0,1.0
29982,0,1.0
29983,0,1.0
29984,0,1.0
29985,0,1.0
29986,0,0.9999998807907104
29987,1,1.0
29988,0,0.9999995231628418
29989,0,1.0
29990,0,0.9999988079071045
29991,1,1.0
29992,1,1.0
29993,0,1.0
29994,1,1.0
29995,1,1.0
29996,1,1.0
29997,0,0.9999998807907104
29998,0,1.0
29999,0,0.9999998807907104
30000,1,1.0
30001,1,1.0
30002,0,1.0
30003,0,1.0
30004,0,1.0
30005,1,1.0
30006,1,1.0
30007,0,1.0
30008,0,1.0
30009,1,1.0
30010,1,1.0
30011,1,1.0
30012,0,0.9999970197677612
30013,1,1.0
30014,1,1.0
30015,0,1.0
30016,1,1.0
30017,0,1.0
30018,0,1.0
30019,0,1.0
30020,0,1.0
30021,0,1.0
30022,1,1.0
30023,1,1.0
30024,0,1.0
30025,1,1.0
30026,1,1.0
30027,1,1.0
30028,0,1.0
30029,1,1.0
30030,1,1.0
30031,1,1.0
30032,0,1.0
30033,1,1.0
30034,0,1.0
30035,1,1.0
30036,1,1.0
30037,0,1.0
30038,0,0.9999861717224121
30039,1,1.0
30040,1,1.0
30041,0,1.0
30042,0,1.0
30043,1,1.0
30044,1,1.0
30045,1,1.0
30046,1,1.0
30047,0,1.0
30048,1,1.0
30049,1,1.0
30050,1,0.9999997615814209
30051,1,1.0
30052,0,0.9999842643737793
30053,1,1.0
30054,1,1.0
30055,1,1.0
30056,0,1.0
30057,0,0.9992934465408325
30058,0,1.0
30059,0,1.0
30060,1,1.0
30061,0,1.0
30062,1,1.0
30063,1,1.0
30064,0,1.0
30065,0,0.9999936819076538
30066,1,1.0
30067,0,1.0
30068,1,1.0
30069,0,1.0
30070,0,1.0
30071,0,0.9999998807907104
30072,1,1.0
30073,1,1.0
30074,1,0.9999990463256836
30075,0,1.0
30076,0,1.0
30077,1,0.9999998807907104
30078,0,1.0
30079,1,1.0
30080,1,1.0
30081,1,0.9999599456787109
30082,1,1.0
30083,0,1.0
30084,1,1.0
30085,0,1.0
30086,1,1.0
30087,0,1.0
30088,1,1.0
30089,1,1.0
30090,0,1.0
30091,0,1.0
30092,0,1.0
30093,0,1.0
30094,1,1.0
30095,0,1.0
30096,0,1.0
30097,0,1.0
30098,0,1.0
30099,1,1.0
30100,1,1.0
30101,1,0.9999998807907104
30102,0,1.0
30103,0,1.0
30104,0,1.0
30105,0,1.0
30106,0,0.9999972581863403
30107,0,1.0
30108,1,1.0
30109,1,1.0
30110,0,1.0
30111,0,1.0
30112,0,1.0
30113,0,0.9999957084655762
30114,1,1.0
30115,1,1.0
30116,1,1.0
30117,0,1.0
30118,0,1.0
30119,0,1.0
30120,1,1.0
30121,0,1.0
30122,1,0.999954104423523
30123,1,1.0
30124,1,1.0
30125,1,1.0
30126,0,1.0
30127,0,1.0
30128,1,1.0
30129,0,1.0
30130,0,1.0
30131,0,0.9999996423721313
30132,1,1.0
30133,1,1.0
30134,1,1.0
30135,1,1.0
30136,0,1.0
30137,1,1.0
30138,1,1.0
30139,1,1.0
30140,0,0.8438945412635803
30141,1,1.0
30142,0,1.0
30143,1,0.9999994039535522
30144,0,1.0
30145,1,1.0
30146,0,1.0
30147,0,0.9993630051612854
30148,0,1.0
30149,0,1.0
30150,1,0.9999998807907104
30151,1,1.0
30152,1,1.0
30153,1,1.0
30154,1,1.0
30155,0,0.9999842643737793
30156,0,1.0
30157,1,1.0
30158,0,1.0
30159,0,1.0
30160,1,1.0
30161,1,1.0
30162,1,0.9999963045120239
30163,0,1.0
30164,1,1.0
30165,1,1.0
30166,1,0.9999990463256836
30167,1,1.0
30168,1,1.0
30169,0,1.0
30170,1,1.0
30171,1,1.0
30172,1,1.0
30173,0,1.0
30174,0,1.0
30175,0,1.0
30176,1,1.0
30177,0,0.9999988079071045
30178,1,1.0
30179,0,1.0
30180,1,1.0
30181,1,1.0
30182,1,1.0
30183,0,1.0
30184,1,1.0
30185,0,1.0
30186,0,1.0
30187,0,1.0
30188,0,0.9999078512191772
30189,0,1.0
30190,0,0.9999375343322754
30191,1,1.0
30192,1,1.0
30193,1,1.0
30194,0,1.0
30195,0,0.9999997615814209
30196,1,1.0
30197,0,1.0
30198,1,1.0
30199,0,0.9999518394470215
30200,0,1.0
30201,1,1.0
30202,1,1.0
30203,1,0.9999997615814209
30204,0,0.9999992847442627
30205,1,1.0
30206,1,1.0
30207,0,1.0
30208,1,0.9999985694885254
30209,0,1.0
30210,0,0.9999988079071045
30211,1,1.0
30212,1,0.9998992681503296
30213,1,1.0
30214,0,1.0
30215,1,1.0
30216,0,1.0
30217,1,1.0
30218,1,1.0
30219,0,1.0
30220,0,1.0
30221,0,1.0
30222,1,1.0
30223,0,1.0
30224,0,1.0
30225,1,1.0
30226,1,1.0
30227,1,1.0
30228,1,1.0
30229,1,1.0
30230,1,0.9999998807907104
30231,1,1.0
30232,0,1.0
30233,1,1.0
30234,0,1.0
30235,1,1.0
30236,1,1.0
30237,0,1.0
30238,0,1.0
30239,0,1.0
30240,1,1.0
30241,0,1.0
30242,0,1.0
30243,1,1.0
30244,1,1.0
30245,1,1.0
30246,1,1.0
30247,1,1.0
30248,1,1.0
30249,1,1.0
30250,0,1.0
30251,0,1.0
30252,0,1.0
30253,0,1.0
30254,0,1.0
30255,1,1.0
30256,1,1.0
30257,0,1.0
30258,0,0.999992847442627
30259,1,1.0
30260,0,0.999144434928894
30261,1,1.0
30262,1,1.0
30263,1,0.9999997615814209
30264,1,1.0
30265,0,1.0
30266,1,1.0
30267,1,1.0
30268,0,1.0
30269,0,1.0
30270,0,1.0
30271,0,1.0
30272,1,1.0
30273,0,0.9999998807907104
30274,0,1.0
30275,1,1.0
30276,1,1.0
30277,1,1.0
30278,0,0.9999747276306152
30279,1,1.0
30280,1,0.9999998807907104
30281,0,1.0
30282,0,1.0
30283,1,1.0
30284,1,1.0
30285,0,1.0
30286,0,1.0
30287,0,1.0
30288,0,1.0
30289,0,1.0
30290,0,0.999413013458252
30291,1,1.0
30292,0,1.0
30293,1,1.0
30294,1,1.0
30295,0,1.0
30296,1,1.0
30297,1,1.0
30298,0,1.0
30299,1,1.0
30300,1,1.0
30301,0,1.0
30302,0,1.0
30303,0,1.0
30304,0,1.0
30305,0,1.0
30306,1,1.0
30307,1,1.0
30308,0,1.0
30309,0,0.9999996423721313
30310,0,1.0
30311,0,1.0
30312,0,0.9999972581863403
30313,0,1.0
30314,1,1.0
30315,0,1.0
30316,1,1.0
30317,0,1.0
30318,1,1.0
30319,0,1.0
30320,1,1.0
30321,0,1.0
30322,1,1.0
30323,0,1.0
30324,0,1.0
30325,0,1.0
30326,1,1.0
30327,1,1.0
30328,1,0.6639092564582825
30329,1,1.0
30330,0,1.0
30331,0,1.0
30332,1,1.0
30333,0,1.0
30334,0,1.0
30335,0,1.0
30336,0,1.0
30337,0,0.9999996423721313
30338,1,1.0
30339,1,0.9999998807907104
30340,0,1.0
30341,1,1.0
30342,0,1.0
30343,0,1.0
30344,1,1.0
30345,1,1.0
30346,0,1.0
30347,0,1.0
30348,0,0.9999977350234985
30349,1,1.0
30350,1,1.0
30351,0,1.0
30352,0,1.0
30353,1,1.0
30354,0,1.0
30355,1,1.0
30356,1,1.0
30357,0,1.0
30358,1,1.0
30359,1,1.0
30360,1,1.0
30361,1,1.0
30362,1,1.0
30363,1,1.0
30364,0,1.0
30365,1,1.0
30366,0,1.0
30367,1,1.0
30368,0,1.0
30369,0,1.0
30370,0,0.9999992847442627
30371,0,1.0
30372,1,1.0
30373,0,1.0
30374,0,1.0
30375,1,0.9999997615814209
30376,1,1.0
30377,0,0.9997214674949646
30378,1,1.0
30379,1,1.0
30380,1,1.0
30381,0,1.0
30382,0,1.0
30383,0,0.9999998807907104
30384,0,1.0
30385,0,1.0
30386,1,1.0
30387,0,1.0
30388,1,0.9999474287033081
30389,1,0.9999998807907104
30390,0,0.9999990463256836
30391,1,1.0
30392,1,1.0
30393,1,1.0
30394,0,1.0
30395,1,1.0
30396,0,1.0
30397,1,1.0
30398,1,1.0
30399,0,1.0
30400,0,1.0
30401,0,1.0
30402,1,1.0
30403,0,1.0
30404,0,1.0
30405,1,1.0
30406,0,0.9999716281890869
30407,1,1.0
30408,1,1.0
30409,1,0.9999840259552002
30410,1,1.0
30411,0,1.0
30412,0,1.0
30413,0,1.0
30414,1,1.0
30415,0,1.0
30416,0,0.9999998807907104
30417,1,1.0
30418,1,1.0
30419,1,1.0
30420,1,1.0
30421,1,0.9999815225601196
30422,1,1.0
30423,1,1.0
30424,0,1.0
30425,0,1.0
30426,1,0.9957352876663208
30427,1,1.0
30428,1,0.9999995231628418
30429,1,1.0
30430,1,1.0
30431,1,1.0
30432,1,1.0
30433,1,1.0
30434,0,0.9999997615814209
30435,0,1.0
30436,1,1.0
30437,1,1.0
30438,1,1.0
30439,0,1.0
30440,1,1.0
30441,1,1.0
30442,0,1.0
30443,1,1.0
30444,0,1.0
30445,0,1.0
30446,1,1.0
30447,0,0.9999879598617554
30448,1,0.9999996423721313
30449,1,1.0
30450,1,1.0
30451,0,1.0
30452,0,1.0
30453,0,0.9999425411224365
30454,0,1.0
30455,0,1.0
30456,1,1.0
30457,1,1.0
30458,1,1.0
30459,1,1.0
30460,0,1.0
30461,1,1.0
30462,1,1.0
30463,0,1.0
30464,0,1.0
30465,0,1.0
30466,1,1.0
30467,0,0.9890300631523132
30468,1,1.0
30469,0,1.0
30470,1,1.0
30471,1,1.0
30472,1,1.0
30473,0,0.9999995231628418
30474,0,1.0
30475,1,1.0
30476,0,0.9999566078186035
30477,1,1.0
30478,1,1.0
30479,0,0.9999910593032837
30480,0,1.0
30481,0,1.0
30482,0,1.0
30483,0,1.0
30484,1,1.0
30485,0,1.0
30486,0,1.0
30487,0,1.0
30488,1,1.0
30489,0,1.0
30490,1,1.0
30491,1,1.0
30492,0,0.9998691082000732
30493,1,1.0
30494,0,1.0
30495,0,1.0
30496,0,0.9999377727508545
30497,1,1.0
30498,1,1.0
30499,0,1.0
30500,0,1.0
30501,1,1.0
30502,1,1.0
30503,1,1.0
30504,0,1.0
30505,0,1.0
30506,0,1.0
30507,1,1.0
30508,0,1.0
30509,1,1.0
30510,0,0.9999997615814209
30511,0,1.0
30512,1,1.0
30513,0,1.0
30514,1,1.0
30515,0,0.9999938011169434
30516,0,1.0
30517,1,1.0
30518,1,1.0
30519,0,1.0
30520,0,1.0
30521,1,1.0
30522,1,1.0
30523,1,1.0
30524,1,1.0
30525,0,1.0
30526,1,1.0
30527,1,1.0
30528,1,1.0
30529,1,1.0
30530,0,1.0
30531,0,1.0
30532,0,0.9999963045120239
30533,1,1.0
30534,0,0.6898928284645081
30535,0,1.0
30536,0,1.0
30537,1,1.0
30538,0,0.9999752044677734
30539,0,1.0
30540,1,1.0
30541,0,1.0
30542,0,1.0
30543,1,1.0
30544,0,1.0
30545,1,1.0
30546,0,1.0
30547,1,1.0
30548,0,0.9999997615814209
30549,0,1.0
30550,1,1.0
30551,0,1.0
30552,1,1.0
30553,0,1.0
30554,1,1.0
30555,0,1.0
30556,1,1.0
30557,1,1.0
30558,0,1.0
30559,1,1.0
30560,1,1.0
30561,1,1.0
30562,1,1.0
30563,1,1.0
30564,1,1.0
30565,0,1.0
30566,0,0.9999998807907104
30567,0,1.0
30568,1,1.0
30569,1,1.0
30570,1,1.0
30571,0,1.0
30572,1,1.0
30573,0,1.0
30574,1,1.0
30575,1,1.0
30576,0,1.0
30577,0,1.0
30578,0,1.0
30579,1,1.0
30580,1,1.0
30581,1,1.0
30582,0,1.0
30583,0,1.0
30584,1,1.0
30585,0,1.0
30586,1,1.0
30587,0,1.0
30588,1,1.0
30589,1,1.0
30590,1,1.0
30591,0,1.0
30592,0,1.0
30593,0,1.0
30594,1,1.0
30595,0,1.0
30596,1,1.0
30597,0,1.0
30598,0,1.0
30599,0,1.0
30600,0,1.0
30601,0,1.0
30602,0,1.0
30603,1,1.0
30604,1,1.0
30605,1,1.0
30606,0,1.0
30607,1,1.0
30608,1,1.0
30609,1,1.0
30610,1,0.9999997615814209
30611,1,1.0
30612,0,1.0
30613,1,1.0
30614,0,1.0
30615,1,1.0
30616,0,1.0
30617,1,1.0
30618,0,1.0
30619,1,0.9998130202293396
30620,0,1.0
30621,1,1.0
30622,1,1.0
30623,0,1.0
30624,1,1.0
30625,0,1.0
30626,0,1.0
30627,1,1.0
30628,1,1.0
30629,0,1.0
30630,0,1.0
30631,1,1.0
30632,0,1.0
30633,0,0.9993506073951721
30634,1,1.0
30635,1,1.0
30636,1,1.0
30637,1,1.0
30638,1,1.0
30639,1,1.0
30640,1,1.0
30641,1,1.0
30642,1,1.0
30643,1,1.0
30644,1,0.7614710330963135
30645,1,1.0
30646,1,1.0
30647,1,1.0
30648,0,1.0
30649,0,0.9999998807907104
30650,1,1.0
30651,0,1.0
30652,1,1.0
30653,0,1.0
30654,1,1.0
30655,1,1.0
30656,0,1.0
30657,0,1.0
30658,0,1.0
30659,0,0.9999986886978149
30660,0,1.0
30661,0,1.0
30662,0,1.0
30663,0,1.0
30664,1,1.0
30665,0,1.0
30666,0,1.0
30667,1,1.0
30668,0,1.0
30669,1,1.0
30670,0,1.0
30671,1,1.0
30672,0,0.999998927116394
30673,1,0.9999991655349731
30674,1,1.0
30675,1,1.0
30676,0,1.0
30677,0,0.999993085861206
30678,0,1.0
30679,1,1.0
30680,0,1.0
30681,0,1.0
30682,1,1.0
30683,1,1.0
30684,0,1.0
30685,0,1.0
30686,1,1.0
30687,0,1.0
30688,0,1.0
30689,1,1.0
30690,0,1.0
30691,0,0.9999992847442627
30692,0,1.0
30693,0,1.0
30694,0,1.0
30695,1,1.0
30696,1,1.0
30697,1,1.0
30698,1,1.0
30699,1,1.0
30700,1,1.0
30701,1,1.0
30702,0,1.0
30703,0,1.0
30704,0,1.0
30705,0,1.0
30706,0,1.0
30707,0,1.0
30708,0,1.0
30709,0,1.0
30710,0,1.0
30711,0,1.0
30712,1,1.0
30713,0,1.0
30714,1,1.0
30715,1,1.0
30716,1,0.9999985694885254
30717,0,1.0
30718,1,1.0
30719,0,1.0
30720,0,1.0
30721,1,1.0
30722,1,1.0
30723,1,1.0
30724,0,0.9999998807907104
30725,0,0.9796618223190308
30726,1,1.0
30727,1,1.0
30728,1,1.0
30729,0,0.9999997615814209
30730,1,0.9947670698165894
30731,1,1.0
30732,0,1.0
30733,1,1.0
30734,0,1.0
30735,1,1.0
30736,0,1.0
30737,0,1.0
30738,0,1.0
30739,0,1.0
30740,1,1.0
30741,1,1.0
30742,0,0.9999998807907104
30743,0,1.0
30744,1,1.0
30745,0,1.0
30746,0,1.0
30747,0,1.0
30748,0,0.9999971389770508
30749,0,0.9999973773956299
30750,1,1.0
30751,1,1.0
30752,1,1.0
30753,1,1.0
30754,0,1.0
30755,1,1.0
30756,0,1.0
30757,0,1.0
30758,0,1.0
30759,1,1.0
30760,0,1.0
30761,1,1.0
30762,1,1.0
30763,0,0.9999971389770508
30764,1,1.0
30765,1,1.0
30766,0,1.0
30767,1,1.0
30768,1,1.0
30769,0,1.0
30770,1,1.0
30771,1,1.0
30772,1,1.0
30773,0,1.0
30774,0,1.0
30775,1,1.0
30776,1,1.0
30777,0,0.9999724626541138
30778,0,1.0
30779,1,1.0
30780,1,1.0
30781,0,1.0
30782,0,0.966491162776947
30783,1,1.0
30784,1,0.9999926090240479
30785,1,1.0
30786,0,1.0
30787,1,1.0
30788,0,0.9999920129776001
30789,0,1.0
30790,1,1.0
30791,1,0.9999923706054688
30792,1,0.9999997615814209
30793,1,1.0
30794,0,1.0
30795,0,1.0
30796,0,0.9999998807907104
30797,1,1.0
30798,0,0.99980229139328
30799,0,1.0
30800,0,1.0
30801,1,1.0
30802,0,1.0
30803,0,1.0
30804,0,0.9999994039535522
30805,0,1.0
30806,1,1.0
30807,1,1.0
30808,0,1.0
30809,0,1.0
30810,1,1.0
30811,0,1.0
30812,1,1.0
30813,0,1.0
30814,0,1.0
30815,1,0.9999816417694092
30816,0,1.0
30817,0,1.0
30818,0,1.0
30819,0,1.0
30820,0,1.0
30821,1,1.0
30822,0,0.9999992847442627
30823,0,1.0
30824,1,1.0
30825,1,1.0
30826,0,1.0
30827,1,1.0
30828,0,1.0
30829,1,1.0
30830,0,1.0
30831,0,1.0
30832,1,1.0
30833,0,1.0
30834,0,1.0
30835,1,1.0
30836,1,1.0
30837,1,1.0
30838,1,1.0
30839,1,1.0
30840,1,1.0
30841,0,1.0
30842,0,1.0
30843,1,1.0
30844,0,0.9999994039535522
30845,1,1.0
30846,1,1.0
30847,1,1.0
30848,1,0.9999865293502808
30849,0,1.0
30850,0,1.0
30851,0,1.0
30852,0,1.0
30853,0,0.999996542930603
30854,1,1.0
30855,0,1.0
30856,0,1.0
30857,0,1.0
30858,1,1.0
30859,0,0.9999998807907104
30860,0,1.0
30861,0,0.9999940395355225
30862,1,1.0
30863,1,1.0
30864,1,1.0
30865,0,1.0
30866,0,0.8273727297782898
30867,0,1.0
30868,1,1.0
30869,1,1.0
30870,1,1.0
30871,1,1.0
30872,0,1.0
30873,0,0.9999344348907471
30874,1,1.0
30875,1,0.9999986886978149
30876,0,1.0
30877,1,1.0
30878,0,0.9999995231628418
30879,1,1.0
30880,1,1.0
30881,1,1.0
30882,1,1.0
30883,1,1.0
30884,1,1.0
30885,0,0.9999998807907104
30886,0,1.0
30887,1,1.0
30888,1,1.0
30889,1,1.0
30890,0,1.0
30891,0,1.0
30892,0,0.9998694658279419
30893,0,1.0
30894,1,1.0
30895,1,1.0
30896,1,1.0
30897,0,1.0
30898,1,1.0
30899,1,1.0
30900,0,1.0
30901,1,0.9999964237213135
30902,1,1.0
30903,1,1.0
30904,0,1.0
30905,1,1.0
30906,1,1.0
30907,1,1.0
30908,0,1.0
30909,1,1.0
30910,0,1.0
30911,0,1.0
30912,0,0.9999983310699463
30913,1,1.0
30914,1,1.0
30915,1,0.9999998807907104
30916,0,0.9999672174453735
30917,0,1.0
30918,1,1.0
30919,0,1.0
30920,1,1.0
30921,1,1.0
30922,0,1.0
30923,1,1.0
30924,0,1.0
30925,1,1.0
30926,0,1.0
30927,1,1.0
30928,0,1.0
30929,0,1.0
30930,1,1.0
30931,1,1.0
30932,0,1.0
30933,0,1.0
30934,1,1.0
30935,1,1.0
30936,1,1.0
30937,0,1.0
30938,1,1.0
30939,0,1.0
30940,1,1.0
30941,1,1.0
30942,1,1.0
30943,1,1.0
30944,1,1.0
30945,0,1.0
30946,0,0.9997403025627136
30947,0,1.0
30948,1,1.0
30949,0,1.0
30950,1,1.0
30951,0,0.9999994039535522
30952,0,1.0
30953,1,1.0
30954,0,1.0
30955,1,1.0
30956,0,1.0
30957,1,1.0
30958,0,1.0
30959,1,1.0
30960,0,0.9999998807907104
30961,0,1.0
30962,0,1.0
30963,1,1.0
30964,0,1.0
30965,0,1.0
30966,1,1.0
30967,0,0.9999892711639404
30968,0,1.0
30969,0,1.0
30970,1,1.0
30971,1,0.9998383522033691
30972,0,1.0
30973,1,1.0
30974,1,1.0
30975,0,1.0
30976,0,1.0
30977,0,1.0
30978,0,0.9999911785125732
30979,1,1.0
30980,0,1.0
30981,0,1.0
30982,1,1.0
30983,0,1.0
30984,0,1.0
30985,1,1.0
30986,0,0.9999982118606567
30987,1,0.9999974966049194
30988,1,1.0
30989,0,0.9999985694885254
30990,0,1.0
30991,0,1.0
30992,1,0.9999502897262573
30993,1,1.0
30994,0,1.0
30995,0,0.9999992847442627
30996,0,1.0
30997,0,0.9999994039535522
30998,1,1.0
30999,0,1.0
31000,0,1.0
31001,0,1.0
31002,1,1.0
31003,1,1.0
31004,1,1.0
31005,0,1.0
31006,0,1.0
31007,1,1.0
31008,1,0.9999992847442627
31009,0,1.0
31010,1,1.0
31011,1,1.0
31012,1,0.9999995231628418
31013,1,1.0
31014,0,1.0
31015,0,1.0
31016,0,1.0
31017,0,0.9998088479042053
31018,0,1.0
31019,1,1.0
31020,0,1.0
31021,0,0.9996191263198853
31022,1,1.0
31023,0,1.0
31024,1,1.0
31025,1,1.0
31026,1,1.0
31027,0,1.0
31028,0,1.0
31029,0,0.999937891960144
31030,1,1.0
31031,0,1.0
31032,1,1.0
31033,0,1.0
31034,0,1.0
31035,1,1.0
31036,1,1.0
31037,0,1.0
31038,0,1.0
31039,1,1.0
31040,0,0.9999998807907104
31041,0,1.0
31042,1,1.0
31043,1,1.0
31044,1,1.0
31045,1,1.0
31046,1,0.9999997615814209
31047,1,1.0
31048,0,1.0
31049,1,1.0
31050,1,1.0
31051,1,1.0
31052,1,1.0
31053,0,1.0
31054,0,1.0
31055,1,1.0
31056,1,1.0
31057,0,1.0
31058,1,0.9999997615814209
31059,0,1.0
31060,0,1.0
31061,1,1.0
31062,1,1.0
31063,1,1.0
31064,0,1.0
31065,1,1.0
31066,0,1.0
31067,0,0.9999771118164062
31068,1,1.0
31069,0,1.0
31070,1,1.0
31071,1,1.0
31072,0,1.0
31073,1,1.0
31074,0,0.9999712705612183
31075,0,1.0
31076,1,1.0
31077,0,1.0
31078,0,0.9999366998672485
31079,1,1.0
31080,0,1.0
31081,1,1.0
31082,1,1.0
31083,0,1.0
31084,1,1.0
31085,1,0.9999998807907104
31086,0,1.0
31087,1,1.0
31088,1,1.0
31089,1,1.0
31090,1,1.0
31091,0,1.0
31092,1,1.0
31093,0,1.0
31094,0,1.0
31095,1,1.0
31096,1,0.9999994039535522
31097,0,1.0
31098,1,1.0
31099,0,1.0
31100,0,1.0
31101,1,1.0
31102,1,1.0
31103,0,0.9999998807907104
31104,0,1.0
31105,1,1.0
31106,1,1.0
31107,0,0.9995304346084595
31108,1,1.0
31109,0,1.0
31110,1,1.0
31111,1,1.0
31112,0,1.0
31113,0,0.9999819993972778
31114,1,1.0
31115,0,1.0
31116,0,1.0
31117,0,1.0
31118,1,1.0
31119,0,1.0
31120,1,0.9999998807907104
31121,0,1.0
31122,1,1.0
31123,0,1.0
31124,1,1.0
31125,1,1.0
31126,1,1.0
31127,1,1.0
31128,0,1.0
31129,1,1.0
31130,1,1.0
31131,1,1.0
31132,1,1.0
31133,0,1.0
31134,0,1.0
31135,1,1.0
31136,0,1.0
31137,1,1.0
31138,1,1.0
31139,0,1.0
31140,0,0.9999997615814209
31141,0,1.0
31142,1,1.0
31143,0,0.9999998807907104
31144,0,1.0
31145,0,1.0
31146,0,1.0
31147,1,1.0
31148,0,1.0
31149,0,1.0
31150,1,1.0
31151,0,1.0
31152,1,1.0
31153,0,1.0
31154,0,1.0
31155,0,1.0
31156,1,1.0
31157,1,1.0
31158,0,1.0
31159,0,1.0
31160,1,1.0
31161,0,1.0
31162,1,1.0
31163,1,1.0
31164,0,1.0
31165,1,1.0
31166,1,1.0
31167,1,1.0
31168,0,1.0
31169,1,0.9999957084655762
31170,0,1.0
31171,0,1.0
31172,1,1.0
31173,0,1.0
31174,0,1.0
31175,1,1.0
31176,1,1.0
31177,0,1.0
31178,0,1.0
31179,1,1.0
31180,1,0.9999995231628418
31181,1,1.0
31182,1,1.0
31183,1,1.0
31184,0,1.0
31185,1,1.0
31186,1,1.0
31187,1,1.0
31188,0,1.0
31189,0,1.0
31190,0,1.0
31191,0,1.0
31192,0,1.0
31193,1,1.0
31194,0,1.0
31195,0,1.0
31196,0,1.0
31197,0,0.9999942779541016
31198,1,1.0
31199,1,1.0
31200,1,1.0
31201,1,1.0
31202,0,1.0
31203,0,1.0
31204,0,1.0
31205,0,1.0
31206,1,1.0
31207,1,0.99997878074646
31208,0,1.0
31209,1,0.9999998807907104
31210,1,1.0
31211,1,1.0
31212,0,1.0
31213,1,1.0
31214,0,1.0
31215,1,1.0
31216,0,1.0
31217,0,1.0
31218,0,0.9999973773956299
31219,1,0.9999988079071045
31220,0,1.0
31221,0,1.0
31222,0,1.0
31223,0,0.9999974966049194
31224,1,1.0
31225,1,1.0
31226,1,1.0
31227,0,1.0
31228,0,1.0
31229,0,1.0
31230,0,0.999995231628418
31231,0,1.0
31232,1,1.0
31233,1,1.0
31234,0,1.0
31235,0,1.0
31236,0,1.0
31237,1,1.0
31238,0,1.0
31239,1,1.0
31240,1,1.0
31241,1,1.0
31242,0,1.0
31243,0,1.0
31244,1,1.0
31245,1,1.0
31246,0,1.0
31247,1,1.0
31248,0,1.0
31249,0,1.0
31250,1,1.0
31251,1,0.9999548196792603
31252,0,1.0
31253,0,0.9999998807907104
31254,1,1.0
31255,1,0.9999778270721436
31256,1,1.0
31257,0,1.0
31258,1,1.0
31259,0,0.9999932050704956
31260,1,1.0
31261,0,1.0
31262,1,1.0
31263,0,1.0
31264,0,1.0
31265,0,0.9999998807907104
31266,1,1.0
31267,1,1.0
31268,0,1.0
31269,0,1.0
31270,1,1.0
31271,0,0.9999973773956299
31272,1,1.0
31273,1,1.0
31274,0,1.0
31275,0,1.0
31276,1,1.0
31277,0,1.0
31278,1,1.0
31279,0,0.9999997615814209
31280,0,0.9999991655349731
31281,1,1.0
31282,1,1.0
31283,0,0.9999884366989136
31284,0,0.9999998807907104
31285,1,1.0
31286,0,0.9999675750732422
31287,0,1.0
31288,1,1.0
31289,0,1.0
31290,0,1.0
31291,1,1.0
31292,0,1.0
31293,0,1.0
31294,0,1.0
31295,1,1.0
31296,1,1.0
31297,0,1.0
31298,0,1.0
31299,0,1.0
31300,1,1.0
31301,0,1.0
31302,0,1.0
31303,0,1.0
31304,0,1.0
31305,0,0.9999998807907104
31306,1,1.0
31307,1,1.0
31308,1,1.0
31309,0,1.0
31310,1,0.9999833106994629
31311,1,1.0
31312,1,1.0
31313,1,1.0
31314,0,1.0
31315,0,1.0
31316,0,1.0
31317,0,1.0
31318,1,1.0
31319,1,1.0
31320,0,0.9999998807907104
31321,1,1.0
31322,1,1.0
31323,1,1.0
31324,1,1.0
31325,1,0.9999996423721313
31326,1,1.0
31327,0,1.0
31328,1,1.0
31329,0,0.9999995231628418
31330,1,1.0
31331,1,1.0
31332,1,0.9999994039535522
31333,1,1.0
31334,1,1.0
31335,0,1.0
31336,0,1.0
31337,0,1.0
31338,1,1.0
31339,0,1.0
31340,0,1.0
31341,1,0.9994285702705383
31342,0,0.9999998807907104
31343,0,1.0
31344,0,1.0
31345,0,0.9999998807907104
31346,0,0.9999994039535522
31347,0,1.0
31348,0,1.0
31349,0,1.0
31350,1,1.0
31351,1,1.0
31352,1,1.0
31353,1,1.0
31354,1,1.0
31355,0,1.0
31356,1,1.0
31357,1,1.0
31358,0,1.0
31359,0,0.9999998807907104
31360,1,1.0
31361,1,1.0
31362,0,1.0
31363,0,1.0
31364,0,1.0
31365,1,1.0
31366,1,1.0
31367,1,1.0
31368,0,0.9999996423721313
31369,0,1.0
31370,0,1.0
31371,1,1.0
31372,0,1.0
31373,0,1.0
31374,0,1.0
31375,0,0.9999715089797974
31376,1,1.0
31377,1,1.0
31378,1,1.0
31379,0,1.0
31380,1,1.0
31381,0,0.9999731779098511
31382,0,1.0
31383,1,1.0
31384,1,1.0
31385,1,1.0
31386,0,1.0
31387,1,1.0
31388,1,1.0
31389,1,1.0
31390,1,1.0
31391,1,1.0
31392,1,1.0
31393,0,0.9999998807907104
31394,0,1.0
31395,0,1.0
31396,1,1.0
31397,1,0.9999992847442627
31398,1,0.9999998807907104
31399,1,1.0
31400,0,1.0
31401,0,0.995477020740509
31402,0,1.0
31403,0,1.0
31404,1,0.9999233484268188
31405,0,0.9999998807907104
31406,0,0.9996711015701294
31407,0,1.0
31408,0,0.9999998807907104
31409,1,1.0
31410,1,1.0
31411,0,1.0
31412,0,1.0
31413,0,1.0
31414,1,1.0
31415,1,1.0
31416,1,1.0
31417,1,1.0
31418,0,1.0
31419,0,1.0
31420,1,0.9999885559082031
31421,1,1.0
31422,1,1.0
31423,0,0.9999963045120239
31424,0,0.9999951124191284
31425,1,1.0
31426,1,1.0
31427,0,1.0
31428,1,1.0
31429,0,1.0
31430,1,1.0
31431,0,1.0
31432,1,1.0
31433,0,1.0
31434,1,1.0
31435,1,1.0
31436,1,1.0
31437,1,1.0
31438,1,0.9999998807907104
31439,0,1.0
31440,1,0.9999984502792358
31441,1,1.0
31442,0,1.0
31443,0,1.0
31444,0,1.0
31445,0,1.0
31446,1,1.0
31447,0,1.0
31448,1,1.0
31449,0,1.0
31450,0,0.9999995231628418
31451,1,1.0
31452,1,1.0
31453,0,1.0
31454,1,1.0
31455,0,1.0
31456,0,1.0
31457,1,1.0
31458,1,1.0
31459,0,0.9999998807907104
31460,1,1.0
31461,1,1.0
31462,0,1.0
31463,1,1.0
31464,0,1.0
31465,0,0.999931812286377
31466,0,1.0
31467,0,1.0
31468,0,1.0
31469,1,1.0
31470,0,1.0
31471,1,1.0
31472,0,1.0
31473,1,1.0
31474,0,0.9999909400939941
31475,0,1.0
31476,1,1.0
31477,1,0.9999994039535522
31478,1,1.0
31479,1,1.0
31480,0,1.0
31481,0,1.0
31482,1,1.0
31483,1,1.0
31484,1,1.0
31485,1,1.0
31486,1,1.0
31487,0,1.0
31488,0,1.0
31489,1,1.0
31490,0,1.0
31491,1,1.0
31492,0,1.0
31493,0,1.0
31494,1,1.0
31495,0,0.9999998807907104
31496,1,1.0
31497,0,0.9999980926513672
31498,1,1.0
31499,1,1.0
31500,1,1.0
31501,0,1.0
31502,0,1.0
31503,0,1.0
31504,1,0.9999947547912598
31505,0,1.0
31506,0,1.0
31507,0,1.0
31508,0,1.0
31509,1,1.0
31510,1,1.0
31511,0,1.0
31512,1,1.0
31513,1,1.0
31514,1,1.0
31515,0,0.8755142092704773
31516,1,1.0
31517,1,1.0
31518,1,1.0
31519,1,1.0
31520,0,0.9999998807907104
31521,0,0.9999998807907104
31522,0,1.0
31523,0,0.9999990463256836
31524,0,1.0
31525,1,1.0
31526,1,1.0
31527,0,1.0
31528,0,0.999996542930603
31529,0,1.0
31530,1,0.999998927116394
31531,1,1.0
31532,1,1.0
31533,1,0.9999969005584717
31534,0,1.0
31535,1,0.9999985694885254
31536,1,1.0
31537,0,1.0
31538,0,1.0
31539,1,1.0
31540,0,0.9999901056289673
31541,0,1.0
31542,1,1.0
31543,1,1.0
31544,1,1.0
31545,1,1.0
31546,0,1.0
31547,0,1.0
31548,1,1.0
31549,0,1.0
31550,0,0.9999995231628418
31551,1,1.0
31552,0,1.0
31553,1,1.0
31554,1,1.0
31555,1,0.9999997615814209
31556,1,1.0
31557,1,1.0
31558,1,0.9999998807907104
31559,0,1.0
31560,0,1.0
31561,1,1.0
31562,0,1.0
31563,0,0.6193748116493225
31564,1,1.0
31565,1,1.0
31566,1,1.0
31567,0,1.0
31568,1,1.0
31569,0,1.0
31570,1,1.0
31571,1,1.0
31572,0,0.9999651908874512
31573,1,1.0
31574,1,1.0
31575,0,1.0
31576,0,1.0
31577,1,1.0
31578,0,1.0
31579,0,0.9999997615814209
31580,0,0.885554313659668
31581,1,1.0
31582,0,1.0
31583,0,1.0
31584,0,0.9999357461929321
31585,1,1.0
31586,1,1.0
31587,1,1.0
31588,1,1.0
31589,1,1.0
31590,0,1.0
31591,0,1.0
31592,1,1.0
31593,0,1.0
31594,1,1.0
31595,0,0.999616265296936
31596,0,1.0
31597,0,1.0
31598,1,1.0
31599,0,0.9999970197677612
31600,1,1.0
31601,1,1.0
31602,0,1.0
31603,0,1.0
31604,1,1.0
31605,1,1.0
31606,1,1.0
31607,0,1.0
31608,0,0.9999421834945679
31609,1,1.0
31610,1,0.9999995231628418
31611,0,1.0
31612,1,1.0
31613,1,1.0
31614,0,1.0
31615,1,1.0
31616,1,1.0
31617,1,1.0
31618,1,1.0
31619,0,1.0
31620,1,1.0
31621,0,0.9999990463256836
31622,1,1.0
31623,0,1.0
31624,0,0.9999997615814209
31625,0,1.0
31626,0,1.0
31627,0,1.0
31628,0,0.9999998807907104
31629,0,1.0
31630,0,1.0
31631,0,1.0
31632,1,0.9999880790710449
31633,0,1.0
31634,0,1.0
31635,1,1.0
31636,0,1.0
31637,0,1.0
31638,1,0.9999998807907104
31639,0,0.9999983310699463
31640,0,1.0
31641,1,1.0
31642,0,1.0
31643,0,1.0
31644,1,1.0
31645,1,1.0
31646,0,0.9999939203262329
31647,1,1.0
31648,1,0.9090666770935059
31649,0,1.0
31650,0,1.0
31651,0,1.0
31652,1,1.0
31653,0,1.0
31654,0,1.0
31655,1,1.0
31656,1,0.9999994039535522
31657,0,0.9999992847442627
31658,1,1.0
31659,0,1.0
31660,1,1.0
31661,1,0.9999995231628418
31662,1,1.0
31663,0,1.0
31664,1,0.9999995231628418
31665,0,1.0
31666,1,1.0
31667,1,1.0
31668,1,1.0
31669,1,1.0
31670,1,1.0
31671,1,1.0
31672,0,0.9999973773956299
31673,0,0.9999897480010986
31674,0,1.0
31675,0,1.0
31676,1,1.0
31677,0,1.0
31678,1,1.0
31679,0,0.9991025924682617
31680,1,0.9999992847442627
31681,1,1.0
31682,1,1.0
31683,1,1.0
31684,0,0.6354776620864868
31685,1,1.0
31686,0,1.0
31687,0,1.0
31688,0,1.0
31689,1,1.0
31690,1,1.0
31691,1,1.0
31692,1,1.0
31693,1,1.0
31694,1,1.0
31695,0,0.9948506951332092
31696,0,1.0
31697,0,1.0
31698,1,1.0
31699,1,1.0
31700,0,0.9996465444564819
31701,0,0.9999934434890747
31702,1,1.0
31703,0,0.9994016885757446
31704,1,0.9999843835830688
31705,1,1.0
31706,1,0.9999603033065796
31707,1,0.9877054691314697
31708,0,1.0
31709,1,1.0
31710,0,0.9999935626983643
31711,1,1.0
31712,1,1.0
31713,1,1.0
31714,0,1.0
31715,0,1.0
31716,0,1.0
31717,0,0.9999995231628418
31718,1,1.0
31719,1,1.0
31720,0,1.0
31721,0,1.0
31722,0,1.0
31723,0,0.9999606609344482
31724,0,1.0
31725,0,1.0
31726,1,1.0
31727,1,1.0
31728,1,1.0
31729,0,1.0
31730,1,1.0
31731,0,1.0
31732,0,1.0
31733,1,1.0
31734,1,1.0
31735,1,1.0
31736,1,1.0
31737,1,1.0
31738,1,1.0
31739,0,0.9999953508377075
31740,0,1.0
31741,1,1.0
31742,0,1.0
31743,1,1.0
31744,1,1.0
31745,1,1.0
31746,1,1.0
31747,1,1.0
31748,0,1.0
31749,0,1.0
31750,0,1.0
31751,1,1.0
31752,1,1.0
31753,1,1.0
31754,1,0.9999232292175293
31755,1,1.0
31756,1,1.0
31757,1,1.0
31758,0,0.9999998807907104
31759,1,0.9999995231628418
31760,1,1.0
31761,1,1.0
31762,0,1.0
31763,0,1.0
31764,0,1.0
31765,0,1.0
31766,1,1.0
31767,0,1.0
31768,0,1.0
31769,1,1.0
31770,0,1.0
31771,0,1.0
31772,0,0.9998007416725159
31773,0,1.0
31774,1,1.0
31775,0,0.9948638081550598
31776,1,1.0
31777,1,1.0
31778,0,1.0
31779,0,1.0
31780,1,1.0
31781,0,1.0
31782,0,1.0
31783,0,1.0
31784,0,1.0
31785,1,0.9999998807907104
31786,1,1.0
31787,1,1.0
31788,1,1.0
31789,0,1.0
31790,0,1.0
31791,0,1.0
31792,1,1.0
31793,1,1.0
31794,0,0.9998863935470581
31795,1,1.0
31796,0,1.0
31797,0,1.0
31798,0,1.0
31799,0,1.0
31800,1,1.0
31801,0,1.0
31802,0,1.0
31803,0,1.0
31804,0,0.999980092048645
31805,1,1.0
31806,1,0.9999983310699463
31807,1,1.0
31808,0,1.0
31809,0,0.9999997615814209
31810,0,1.0
31811,1,1.0
31812,1,1.0
31813,1,1.0
31814,0,1.0
31815,1,1.0
31816,0,1.0
31817,0,0.9999994039535522
31818,1,1.0
31819,0,0.9999994039535522
31820,1,1.0
31821,1,1.0
31822,1,0.9999895095825195
31823,0,0.9999933242797852
31824,0,0.999995231628418
31825,1,1.0
31826,1,1.0
31827,0,1.0
31828,0,0.9999997615814209
31829,1,0.9999853372573853
31830,0,1.0
31831,0,1.0
31832,1,1.0
31833,0,1.0
31834,0,1.0
31835,0,1.0
31836,1,1.0
31837,1,1.0
31838,1,1.0
31839,0,1.0
31840,1,1.0
31841,0,1.0
31842,0,0.9999912977218628
31843,1,1.0
31844,1,1.0
31845,0,1.0
31846,1,1.0
31847,0,1.0
31848,1,1.0
31849,0,1.0
31850,0,0.9999991655349731
31851,0,1.0
31852,1,1.0
31853,1,1.0
31854,0,1.0
31855,0,1.0
31856,0,1.0
31857,0,1.0
31858,1,1.0
31859,0,1.0
31860,0,1.0
31861,1,1.0
31862,0,1.0
31863,0,1.0
31864,1,1.0
